0,1,2,3,4,5,6,7,8,9,10,11,12,13,14,15,fid
40.8739,38.2468,34.2269,37.5388,42.0527,53.8688,61.9701,72.4067,92.5593,100.094,116.56299999999999,132.239,152.934,196.644,231.636,305.41,t100
41.0542,38.6745,34.4943,38.2556,42.5811,55.1198,63.7128,74.7735,97.1163,106.23100000000001,124.12299999999999,142.076,165.886,216.555,257.873,341.25,t101
36.4168,34.5141,31.0049,34.6685,39.4758,51.9576,60.0759,71.7679,93.3657,102.774,120.039,137.766,159.554,205.00900000000001,240.59400000000002,314.998,t102
41.8078,39.5094,35.5082,39.4946,44.7237,57.983000000000004,66.4975,78.5109,99.3938,107.785,124.596,141.518,162.619,205.825,239.533,311.725,t103
38.4694,36.1807,32.3465,36.659,40.8756,53.2505,61.6547,72.6434,94.7012,103.01700000000001,121.316,138.623,162.909,212.707,253.136,337.32599999999996,t104
34.4866,32.3632,28.8726,31.9367,36.1452,47.1085,54.5314,64.5275,83.7823,92.5042,107.874,123.395,144.194,187.385,223.377,297.498,t105
33.3293,31.8406,28.5036,32.2992,36.8539,48.92,57.0531,68.0086,89.6843,98.8586,116.13600000000001,133.35299999999998,156.624,205.072,244.543,325.29,t106
30.7837,28.7016,25.4977,28.2921,31.6946,41.0828,47.1705,55.7745,71.6429,77.2842,90.5613,103.41,120.016,154.833,182.74900000000002,244.204,t107
35.9539,33.5311,29.6307,32.6839,36.457,46.8009,53.775,63.2964,81.7768,88.8363,103.712,118.09700000000001,136.931,177.114,209.325,277.717,t108
34.8558,33.1425,29.7777,33.4707,38.1221,50.7542,59.0796,70.4636,93.2048,103.29700000000001,122.33200000000001,141.28799999999998,166.55,219.976,262.89799999999997,348.83099999999996,t109
69.7365,63.7955,54.8567,60.9566,65.8002,83.0973,95.0622,109.712,136.62,143.425,167.638,179.505,203.669,235.40900000000002,261.41200000000003,334.619,t11
39.613,37.3999,33.5791,37.1507,41.3352,53.6375,61.9127,73.2175,95.5881,104.492,123.04799999999999,140.05100000000002,164.326,214.615,255.68,341.37,t110
44.4673,41.5032,36.4152,40.0087,43.647,55.858000000000004,63.9023,74.5614,95.5419,103.948,120.68799999999999,136.596,158.578,203.144,240.007,319.04400000000004,t111
34.3108,32.6464,29.7682,33.6367,38.2894,49.9164,57.7666,68.5758,88.5108,96.929,113.296,129.961,150.645,194.063,228.188,298.298,t112
48.7252,46.0077,41.5671,45.326,49.4662,62.365,71.3855,82.9366,105.881,115.626,133.137,149.77200000000002,173.761,223.997,266.323,351.191,t113
51.6507,48.5157,43.7022,47.5045,51.3765,63.6614,72.1206,83.7286,105.40899999999999,112.985,131.047,146.989,169.185,214.372,251.24099999999999,329.148,t114
44.388000000000005,42.2687,38.3075,42.5165,47.08,59.5372,67.926,79.096,101.445,109.889,128.244,144.529,167.83,216.15200000000002,253.862,335.966,t115
34.4899,32.8538,30.261999999999997,33.7504,37.2249,46.9003,53.7964,62.9438,80.4836,87.5837,101.795,114.838,133.07299999999998,170.795,201.535,266.216,t116
47.4744,45.1784,41.3819,45.6169,50.4909,63.5912,72.3419,84.3971,107.406,117.21700000000001,135.583,153.439,178.47799999999998,229.429,271.594,357.476,t117
45.6063,43.5817,40.1852,44.795,49.4882,62.3715,71.1514,82.7515,107.52600000000001,116.249,136.52,152.525,177.27,228.489,269.139,359.11,t118
49.7039,47.3673,43.1102,48.0435,52.9299,66.7283,76.1347,88.9804,112.78399999999999,122.29299999999999,141.058,158.857,183.523,232.234,272.63,357.235,t119
77.1083,71.9036,63.229,66.7837,71.5723,91.1481,102.846,118.06200000000001,147.661,158.06,181.253,196.80200000000002,221.91099999999997,259.725,288.298,364.208,t12
44.7677,42.3142,38.1132,42.6298,47.7442,60.9701,70.4014,82.4336,107.67299999999999,117.48899999999999,137.332,155.04,180.523,234.96400000000003,279.192,372.42199999999997,t121
44.6182,42.5595,38.7933,43.1234,47.6048,60.7128,69.7259,81.6407,106.36,115.387,135.333,152.005,176.097,226.945,267.15,353.736,t122
42.138999999999996,39.9647,36.3996,40.7122,45.4667,58.2302,67.146,79.2,104.071,114.31,134.743,153.172,180.313,238.112,285.311,380.913,t123
46.1586,43.4286,39.1216,43.1656,47.7867,60.5073,69.2875,81.3105,104.661,114.384,132.855,150.111,173.68900000000002,223.514,264.28,349.064,t124
48.8519,46.4434,42.0967,47.0486,51.3807,65.0165,74.5148,86.9144,113.469,121.835,144.27100000000002,161.311,189.011,244.355,287.92900000000003,383.88199999999995,t125
46.419,43.8824,39.6889,43.6916,48.1671,61.1472,70.0098,82.0417,105.15100000000001,113.87,133.363,148.84,171.9,219.87,257.887,341.95099999999996,t126
45.8894,43.7649,39.6511,43.5914,48.0809,61.1613,70.5222,82.6841,106.101,115.65100000000001,134.763,152.32,177.988,228.19400000000002,270.454,355.94800000000004,t127
49.7386,47.1027,42.8134,47.5136,52.0866,65.6157,74.9755,87.1089,111.14399999999999,119.23700000000001,139.415,155.35399999999998,179.438,227.69799999999998,265.385,349.586,t128
45.9081,43.9365,40.7385,45.5903,50.8805,64.5887,73.7304,85.7333,111.14200000000001,120.789,141.541,158.72899999999998,184.75799999999998,240.699,285.482,380.651,t129
66.9538,61.2552,52.9021,57.7804,62.4287,80.0722,92.6805,109.208,138.123,147.5,172.795,189.579,215.74400000000003,257.026,288.60900000000004,365.98699999999997,t13
56.4559,53.678999999999995,49.6031,54.7796,59.9956,74.6415,84.69200000000001,98.82,125.84299999999999,135.512,157.138,175.12,202.55700000000002,255.19099999999997,297.475,390.097,t130
43.6671,41.0475,37.0352,41.062,45.1102,57.538000000000004,66.2522,77.7454,101.956,112.13600000000001,131.158,149.119,174.454,224.56599999999997,265.819,351.764,t131
48.5493,45.8214,41.7178,46.3034,50.9599,64.459,73.5362,85.5491,109.70200000000001,118.12700000000001,138.411,154.618,178.105,226.657,265.528,350.577,t132
44.7684,42.7989,39.4071,43.6806,48.4567,61.0275,69.6109,81.2166,104.727,115.035,133.77200000000002,151.393,175.357,226.595,268.455,353.62699999999995,t133
45.528,43.2826,40.1178,44.832,49.4632,62.1983,71.0537,82.7338,107.56,115.93799999999999,136.389,152.373,177.139,229.632,270.151,361.26,t134
49.8924,48.1795,44.931000000000004,50.5007,55.7984,71.0317,81.1612,94.7807,122.35600000000001,133.107,154.168,173.255,201.11700000000002,256.425,300.481,392.54900000000004,t135
53.4936,50.9196,47.0485,52.1885,57.7186,72.4003,82.8299,96.5706,124.936,135.549,158.278,176.989,204.662,263.615,310.533,409.57,t136
52.2643,49.5406,45.0938,50.0625,55.2658,70.0206,80.4763,94.5574,122.073,132.845,154.645,174.06,202.149,257.807,304.155,400.759,t137
50.6249,48.5791,44.6555,50.081,54.973,69.8348,80.0455,93.5425,121.992,132.136,154.46200000000002,172.141,201.033,258.025,304.738,405.852,t138
60.4536,54.505,47.3954,48.7801,50.6469,59.5286,65.8763,74.3657,91.2804,99.3102,112.213,125.178,142.96200000000002,177.31099999999998,207.707,270.781,t139
54.4306,50.027,42.8258,46.2678,50.1602,64.0315,73.821,85.8941,109.475,116.852,137.37,150.73,172.832,209.30700000000002,237.62,308.298,t14
68.2965,62.0996,54.8687,56.8731,59.5998,70.6853,78.4838,89.6527,109.11,118.57,132.849,148.015,168.676,204.6,233.726,294.127,t140
64.1045,57.1962,49.5091,50.5134,51.8062,60.1371,66.569,74.9889,91.5332,98.7092,111.735,124.697,140.95,172.093,198.174,254.06400000000002,t141
67.6958,60.9661,53.0516,54.5231,56.9597,66.8984,74.2687,83.9843,102.24799999999999,111.256,125.072,139.373,156.761,190.65099999999998,219.225,279.079,t142
61.3524,54.8901,47.8391,48.792,50.4632,58.9395,65.3396,73.6792,91.1844,99.6976,113.053,127.234,145.46200000000002,181.62900000000002,212.87400000000002,278.27299999999997,t143
65.5033,58.9708,51.6224,52.9143,55.5881,65.3372,72.5481,82.196,100.964,109.80799999999999,123.859,138.439,156.661,190.31099999999998,218.07299999999998,277.327,t144
63.3091,56.839,49.3136,50.3246,52.4528,61.5099,68.2253,77.0387,94.0847,101.846,114.819,129.064,145.69,178.13,205.665,263.337,t145
64.5192,57.93,50.3498,51.5232,52.9117,61.7724,68.104,76.5204,94.0418,101.682,115.152,128.162,145.757,179.361,207.628,268.045,t146
61.7824,55.794,48.7851,49.9036,51.9473,60.6763,67.2384,75.467,93.1358,101.81299999999999,115.35600000000001,128.987,146.94899999999998,183.611,214.892,279.966,t147
58.478,52.5511,46.0225,47.3901,49.1128,57.6466,64.1163,72.5378,90.0599,98.18700000000001,111.315,124.662,142.94,180.082,212.146,277.278,t148
62.047,55.8961,48.842,49.961999999999996,51.9217,60.9512,67.4933,76.1174,93.22,100.98200000000001,113.977,127.029,144.043,177.213,205.65400000000002,265.836,t149
52.973,48.5163,41.4297,45.0891,49.316,63.1048,72.8793,85.6773,109.16799999999999,117.62200000000001,138.884,152.373,176.524,214.334,245.275,320.732,t15
64.4214,58.4061,51.2552,52.9304,55.3743,65.0195,72.1823,81.7942,101.803,111.333,126.637,142.746,163.451,207.26,245.812,322.909,t150
62.7336,56.6883,49.9004,50.6977,51.8443,59.8266,65.9106,73.8061,89.4449,96.6602,108.476,120.37,136.679,166.862,193.378,250.49400000000003,t151
61.638000000000005,54.996,47.5308,48.1949,48.9941,56.3099,61.8812,68.9887,84.4017,91.4369,102.787,114.234,130.22,159.843,186.213,242.16299999999998,t152
64.5757,58.2289,50.8904,51.9591,53.7088,62.2831,68.6938,77.3583,94.8869,103.08200000000001,116.162,129.283,147.112,179.78,207.514,265.591,t154
66.4017,59.9119,52.6159,53.7539,55.2327,64.068,70.6745,79.4978,97.4646,105.819,119.432,132.965,151.273,185.84099999999998,215.623,277.791,t155
62.7912,56.5655,49.2494,50.227,51.974,60.8216,67.4475,76.2052,93.5083,101.97200000000001,115.311,129.12,147.245,182.43,212.49,275.462,t156
64.3269,58.1898,50.744,51.5552,52.6821,60.968,67.2265,75.6584,93.0129,100.637,113.939,126.78200000000001,144.382,177.18200000000002,203.96400000000003,262.547,t157
61.8369,55.7061,48.8622,49.6252,50.6492,58.6152,64.8233,72.6282,88.6369,96.3362,108.58200000000001,120.686,137.701,170.34599999999998,198.544,258.743,t159
80.6833,73.1005,61.8188,65.693,69.7707,87.2638,99.7714,116.62,146.128,156.121,181.18,199.97299999999998,226.31400000000002,269.212,300.76,379.55699999999996,t16
64.6278,58.1785,50.2405,50.4654,51.03,58.5055,64.4169,72.1851,88.6569,96.8462,109.56,122.625,139.97799999999998,172.783,201.058,260.312,t160
64.0724,57.6804,50.301,51.3133,53.1516,61.8369,68.4551,76.7676,94.8001,102.311,116.36,129.828,147.47899999999998,182.195,210.782,272.562,t161
63.7822,57.4517,50.4688,51.4416,53.1771,61.5431,67.9909,76.4519,93.3714,101.205,113.98,127.265,144.129,177.608,206.324,266.457,t162
60.7041,55.0898,48.2493,49.4192,50.6675,58.7283,64.8828,73.0772,90.2205,98.26299999999999,110.774,123.139,140.859,174.898,205.019,266.124,t163
60.5288,54.2325,46.8102,46.9716,47.9987,54.9298,60.5659,68.1101,83.5077,91.1416,102.98299999999999,114.836,131.1,162.705,189.825,246.9,t164
61.5395,55.6149,48.79,49.8931,50.9576,59.1697,65.3641,73.582,89.8409,97.7387,110.124,122.402,139.539,172.044,199.912,257.228,t165
61.0956,55.273999999999994,48.6435,49.121,49.8135,57.3119,63.0417,70.7158,86.2517,93.5844,105.52600000000001,116.255,132.83700000000002,163.27200000000002,190.59099999999998,247.144,t166
61.4407,55.563,48.678999999999995,49.4757,50.5769,57.9712,63.8976,71.39,87.6223,95.1822,106.79299999999999,118.086,134.83,166.42,194.34799999999998,251.81900000000002,t167
63.2511,57.5967,50.7497,51.7522,53.2284,61.247,67.4858,75.8535,93.0802,100.741,113.552,125.764,143.528,177.132,205.696,264.592,t168
63.8376,57.8616,50.8629,52.0243,53.5596,62.3033,68.9069,77.77199999999999,94.9935,103.229,116.4,129.35299999999998,148.015,182.399,212.826,274.612,t169
75.6711,67.6584,56.604,58.3079,61.0741,74.8869,84.18799999999999,98.1355,121.015,129.716,146.451,161.153,180.97400000000002,210.051,231.333,292.47900000000004,t17
71.899,65.029,57.0315,58.3707,60.5292,70.7969,78.2938,88.7419,108.464,117.211,131.847,146.862,166.298,201.745,230.457,291.118,t170
65.388,59.1702,51.805,52.3635,53.32,61.1572,67.1447,75.1196,91.1871,99.2874,110.99600000000001,122.369,139.33700000000002,169.828,196.611,252.737,t171
61.6914,55.729,48.9282,49.3482,50.0814,57.8495,63.7407,71.5985,87.8584,94.9122,106.95,118.45,135.168,167.55599999999998,195.953,254.794,t172
64.1252,58.0198,50.9836,51.6118,52.5625,60.2092,66.4016,74.3137,90.2741,97.5691,109.91,121.779,138.243,169.977,197.261,254.986,t173
60.4289,54.555,47.8058,48.1451,48.5377,55.489,61.1156,68.50399999999999,83.2385,90.316,101.671,112.774,128.251,157.722,182.639,236.165,t174
64.6853,58.5445,51.4122,52.111000000000004,53.2591,61.6945,68.2008,77.0133,94.6257,102.947,115.885,128.415,146.491,180.11,208.96200000000002,268.184,t175
63.5582,57.4777,50.3028,51.128,52.1166,60.1893,66.3415,74.8453,90.9784,98.5196,110.801,122.68,138.934,169.74599999999998,195.93400000000003,251.584,t176
67.4776,60.8819,53.5798,54.3155,55.5323,63.9299,70.2634,78.6893,95.2659,103.13,115.655,127.37100000000001,144.623,176.85299999999998,205.30700000000002,264.683,t177
68.9122,63.0699,55.6728,56.9663,58.9238,68.6836,75.9368,85.9028,104.323,113.611,127.208,140.849,159.938,195.47099999999998,226.61900000000003,288.779,t178
66.8207,60.5585,53.0908,53.9631,55.2616,63.6942,70.2977,79.0766,97.0704,105.539,118.7,131.864,149.928,184.726,215.05700000000002,277.639,t179
65.3883,59.4119,52.0798,56.2314,59.6331,73.6168,83.5185,96.5403,119.027,125.45,144.634,157.341,176.93,203.727,224.662,281.944,t18
64.1333,57.9669,50.9923,51.4055,52.1631,59.9586,65.8091,73.5689,89.6506,96.874,108.90799999999999,120.07,136.784,168.217,196.028,254.47799999999998,t180
70.5948,64.3371,56.8567,58.0627,59.6148,69.226,76.283,85.8352,104.398,113.402,126.97200000000001,140.744,160.378,196.459,228.007,292.51099999999997,t181
64.6932,58.1739,51.056999999999995,51.852,52.7543,60.9609,67.2206,75.6303,93.258,101.096,114.48100000000001,127.728,145.52100000000002,180.09400000000002,209.514,271.835,t182
67.9255,61.1568,53.8994,54.6239,55.8159,64.6142,71.3758,80.3431,97.92299999999999,105.417,118.541,131.252,148.189,180.703,207.02599999999998,264.41900000000004,t183
65.2185,59.1772,52.1083,52.7535,54.1243,62.8213,69.331,77.947,95.4561,103.28299999999999,116.287,128.811,146.39600000000002,179.132,206.709,266.065,t184
65.82300000000001,59.4469,51.7503,52.4624,53.5081,61.4692,67.9115,76.1084,93.2407,101.755,114.539,127.10700000000001,145.563,180.25900000000001,212.144,277.2,t185
70.9656,64.2918,56.7102,57.5091,59.598,69.0328,76.2155,85.7489,103.73299999999999,112.766,126.39299999999999,140.35299999999998,159.284,194.734,225.643,289.44599999999997,t186
68.018,61.6263,54.245,55.0496,56.4254,64.9165,71.39399999999999,80.1951,97.2772,105.40799999999999,118.285,130.982,148.361,182.452,211.489,273.187,t187
65.6078,59.291000000000004,51.8094,52.6438,54.2551,62.4499,68.7958,77.2568,93.6871,101.501,113.948,126.705,143.015,172.666,197.71900000000002,251.192,t188
64.14699999999999,58.0707,50.8248,51.4664,52.986000000000004,60.9249,67.1114,75.2102,92.7004,100.681,113.65700000000001,126.49,143.532,176.06599999999997,203.576,261.228,t189
78.9374,72.171,61.6406,65.0704,68.8604,85.4754,97.3958,112.881,140.35,148.744,173.123,189.389,214.725,255.61599999999999,285.263,363.148,t19
72.1747,65.6584,57.8655,59.2939,61.6305,72.1095,79.9853,90.5737,112.072,121.945,138.525,154.607,175.91400000000002,219.03599999999997,254.57299999999998,328.098,t191
65.8033,59.5207,51.9986,52.6573,54.4672,63.0804,69.7743,78.6809,96.3938,105.431,119.009,132.944,151.998,187.646,218.446,281.437,t192
66.8934,60.2708,53.0544,53.7286,54.6275,62.9755,69.4667,77.8852,96.2726,104.446,118.51899999999999,131.955,150.67700000000002,187.74,219.554,287.45799999999997,t193
64.8694,58.5025,51.4325,52.255,53.3042,62.0091,68.6467,77.8501,95.7136,104.118,117.285,130.721,148.13,180.608,207.605,264.399,t194
63.8819,57.6252,50.5076,51.0225,51.8958,59.4033,65.1014,72.726,88.1793,95.0558,106.96799999999999,117.61,133.539,163.684,190.49099999999999,248.71200000000002,t195
71.569,65.2727,57.717,59.303999999999995,61.5053,71.1802,78.5225,88.3017,107.818,117.169,131.855,146.429,167.08900000000003,206.88400000000001,241.578,312.47900000000004,t196
76.1441,69.1618,60.8306,62.2973,64.4181,74.9044,82.7811,93.0661,114.117,122.946,139.012,154.455,174.421,214.665,246.55,315.35400000000004,t197
64.218,58.1134,51.4627,51.7301,52.5026,60.2831,66.3985,74.2013,90.2959,97.8724,110.319,122.23299999999999,138.741,169.517,195.61,251.62900000000002,t198
66.9468,60.6976,53.1923,53.9536,54.9978,63.2103,69.6732,78.3931,96.1863,104.728,118.37,131.624,149.904,185.178,215.204,278.015,t199
90.0524,82.3748,71.9486,76.0797,78.1006,95.0689,107.896,123.764,154.361,161.297,188.315,199.676,227.11599999999999,262.242,288.578,367.741,t20
64.3849,57.8746,50.7964,51.4134,52.0849,59.5846,65.681,73.3294,90.5802,97.6788,111.15100000000001,123.476,140.614,173.847,201.54,262.26599999999996,t200
70.1795,63.4239,55.3364,55.9714,57.5427,66.9833,74.0114,83.4111,102.045,110.931,124.78399999999999,139.07399999999998,157.067,190.52900000000002,218.208,277.77099999999996,t201
67.6509,61.2426,54.1197,55.4969,56.9731,65.9206,72.8156,82.0481,100.54799999999999,108.459,122.512,136.014,153.916,188.982,217.245,279.003,t202
65.3493,59.5674,52.4493,53.6238,55.3466,64.11399999999999,71.2621,80.8466,99.7868,108.65700000000001,123.376,137.537,156.67,193.003,223.715,287.405,t203
67.266,61.0312,53.5736,54.8052,56.5344,65.6042,72.5488,82.2277,100.772,110.226,124.01299999999999,138.253,158.09799999999998,194.445,226.282,291.92900000000003,t204
68.4253,62.3212,54.963,56.2748,58.1834,67.4803,74.5114,84.2903,103.204,111.87100000000001,126.49799999999999,140.043,159.406,195.11700000000002,224.64,288.089,t205
68.7434,61.8582,53.9341,54.8331,56.4193,65.0339,71.8092,80.8058,99.7151,107.788,122.531,136.47299999999998,154.537,190.21400000000003,218.157,279.97700000000003,t206
64.9644,59.1414,52.2299,53.4454,54.9494,63.9684,70.6834,80.1476,98.9189,107.11200000000001,121.46799999999999,135.631,154.608,192.15900000000002,222.43400000000003,286.579,t207
63.0297,57.093999999999994,49.9465,50.5198,51.3616,58.8829,64.8949,72.3252,88.4762,94.9762,107.786,119.11399999999999,134.725,165.128,190.394,246.09599999999998,t208
64.0225,57.9426,51.192,52.1272,53.4436,61.4767,67.6438,76.3167,93.4451,100.912,114.477,127.257,144.392,176.75799999999998,203.275,261.221,t209
146.58,134.197,121.46,125.677,127.89,155.137,177.054,201.90200000000002,258.061,271.411,316.302,327.899,355.219,364.60699999999997,371.159,444.343,t21
73.1922,66.3071,58.4412,59.4796,61.3918,70.759,78.22399999999999,88.0127,107.764,116.52799999999999,131.73,146.063,165.445,201.338,230.498,293.567,t210
68.1522,61.7291,54.2478,55.721000000000004,57.8829,67.7772,75.105,84.9549,104.96799999999999,113.92200000000001,128.716,143.293,162.407,198.622,227.637,290.29400000000004,t211
65.63,60.0314,53.2175,54.6849,56.0885,64.5074,71.1856,80.2215,97.7387,105.993,118.96600000000001,131.749,150.459,185.354,216.145,280.119,t212
66.7163,60.5037,53.1281,54.0977,55.5283,63.9275,70.449,78.8538,96.7179,103.885,117.619,130.556,147.701,181.612,209.33700000000002,270.384,t213
63.3244,56.931999999999995,49.9943,50.5302,51.458,59.4481,65.4697,73.5888,90.9362,98.221,111.67399999999999,124.109,140.825,172.93400000000003,199.202,256.849,t214
67.4008,61.4457,53.9773,55.0809,57.0749,66.1544,73.1287,82.4512,100.499,108.36399999999999,122.321,135.526,153.441,187.19799999999998,215.176,274.52299999999997,t215
68.9574,62.2763,54.6043,55.6614,57.3526,66.1114,72.9915,81.9104,98.97,107.13600000000001,120.53,133.608,151.30200000000002,185.168,213.831,274.252,t216
65.4694,59.2449,51.8882,52.8337,54.0398,62.7197,69.5085,78.4616,96.488,104.824,118.396,132.042,150.059,184.231,212.263,271.503,t217
67.8743,61.2748,53.6255,54.5064,55.7046,64.296,70.773,79.4242,97.2398,105.51299999999999,119.488,133.27700000000002,152.175,190.429,223.435,291.86,t218
56.6068,50.4241,43.6286,44.4475,46.1218,54.2923,60.373999999999995,68.6424,84.2708,91.4101,102.516,113.01100000000001,126.76899999999999,155.858,181.562,236.717,t219
109.24,102.176,94.2918,102.204,107.74799999999999,136.44299999999998,158.221,185.25,236.917,252.426,296.04900000000004,308.32099999999997,334.825,354.043,367.652,448.783,t22
52.4253,46.4744,39.5566,40.295,41.4389,48.86600000000001,54.3547,61.8797,76.8903,83.8576,93.9393,105.083,118.779,148.945,176.832,234.15099999999998,t220
56.8402,50.8384,44.2092,45.2989,46.6572,54.8385,61.2476,69.911,85.863,93.1431,103.734,114.348,128.30700000000002,158.005,185.13299999999998,242.467,t221
55.6396,49.6224,42.6256,43.4598,44.6075,52.3887,58.5812,66.7559,82.1586,89.2721,99.7046,109.945,123.64,151.54399999999998,176.762,230.264,t222
53.0286,47.4476,41.5319,42.254,43.2644,50.7598,56.2982,64.0226,79.1007,86.0505,96.0041,105.4,119.176,147.75799999999998,174.47400000000002,230.824,t223
55.059,49.5632,43.2003,44.3302,45.9633,53.824,59.7357,67.9038,84.0802,91.7207,103.699,115.51,130.488,161.132,188.03400000000002,244.11,t224
56.5877,50.6884,43.8612,44.5921,46.1098,53.6312,59.3889,67.5163,82.9691,90.2784,100.943,112.2,126.165,156.108,183.22,240.08900000000003,t225
57.824,51.2945,43.827,44.4496,45.8862,54.5769,61.2365,70.4972,88.0635,95.9681,107.28299999999999,118.255,133.319,167.636,198.968,263.635,t226
59.9999,53.5289,45.8056,46.8043,48.8007,57.7896,64.264,73.1412,90.2585,98.6212,110.48,123.05,138.974,173.387,203.922,266.779,t227
54.123000000000005,48.871,42.8456,43.7481,45.0247,52.4711,58.1561,65.8651,81.2712,88.1088,98.8995,109.637,123.21799999999999,151.721,176.157,228.953,t228
54.3173,49.3462,42.9826,44.2413,45.9374,54.2144,60.4033,68.9363,86.3294,94.5401,106.397,118.344,133.582,166.088,194.798,253.618,t229
113.93700000000001,107.95200000000001,105.26899999999999,115.583,119.98299999999999,165.104,191.37,217.495,272.782,288.041,333.665,335.676,361.73400000000004,367.44800000000004,374.131,448.18800000000005,t23
58.3017,52.1271,45.26,45.9674,47.3436,55.5114,61.8271,70.5669,86.9643,94.4729,105.913,116.976,131.875,162.468,189.576,246.22099999999998,t230
56.6527,50.9051,44.388000000000005,45.6535,47.7778,56.6111,63.6305,73.0939,91.9902,100.881,114.65899999999999,127.92200000000001,144.58700000000002,181.14,212.56099999999998,276.528,t231
58.8628,52.9449,45.6874,46.794,48.3344,56.9951,63.4861,72.2151,89.4718,97.2729,109.289,121.17,136.336,169.896,199.187,260.35900000000004,t232
58.3187,51.9258,44.5023,44.9436,45.8864,54.1106,60.2509,68.7859,84.846,92.0302,102.477,113.306,127.54899999999999,156.916,183.02,237.421,t233
64.8602,58.5082,51.1084,52.7591,54.9605,65.0378,72.7821,83.9064,102.925,111.62299999999999,124.068,136.30200000000002,152.77100000000002,186.56599999999997,215.672,275.435,t234
53.7162,48.2084,41.4616,41.8586,42.6113,49.4092,54.5492,61.7065,75.3851,81.5456,90.8694,100.13799999999999,112.068,137.162,159.615,208.294,t235
56.7274,50.563,43.4126,43.7613,44.8832,52.2616,57.8665,65.6121,80.7379,87.2748,97.8251,107.76700000000001,120.573,147.94,171.544,222.516,t236
59.7846,53.2425,45.8189,46.2693,47.7163,55.618,61.7901,70.1186,86.2242,92.8418,103.85,113.804,127.24799999999999,156.269,181.27900000000002,236.674,t237
55.8527,49.8317,43.2316,43.3312,44.1844,50.7854,56.0463,63.2111,76.9256,83.2634,92.6028,101.163,113.01100000000001,137.675,160.82299999999998,210.52599999999998,t238
59.6886,53.3728,46.2432,47.0291,48.2339,55.9023,61.9575,70.5863,86.1862,93.2129,103.652,113.583,127.169,154.105,177.328,228.13400000000001,t239
74.1429,69.9777,66.5791,76.0738,83.4128,115.52600000000001,136.368,160.97899999999998,206.382,221.498,263.57599999999996,273.591,299.15,321.49,332.976,406.525,t24
56.5737,50.7515,43.4811,44.1994,45.2515,53.2286,59.236999999999995,67.9114,83.7692,91.0144,101.51,112.00200000000001,125.844,155.075,181.15599999999998,234.981,t240
60.1209,53.7081,46.2727,46.9715,48.324,57.0842,63.8432,73.4791,90.5518,98.3292,109.087,119.985,134.442,165.136,192.601,248.77599999999998,t241
57.5171,51.2099,44.2598,44.3612,45.1152,52.1761,57.6706,65.2762,79.217,86.20200000000001,95.8491,104.931,117.926,144.06,168.418,219.453,t242
57.8828,51.2806,43.6017,43.59,44.1638,50.9069,56.3584,63.6828,77.4075,83.2802,92.2537,101.34700000000001,113.633,138.906,161.776,211.739,t243
59.4282,52.5048,44.489,44.7891,45.7882,53.7034,59.9218,68.6355,84.0425,91.1327,101.5,111.338,124.34,151.786,175.97400000000002,226.452,t244
59.7263,53.068999999999996,45.3984,45.8903,47.2097,54.8567,60.6812,68.5571,84.3748,91.212,102.639,114.04299999999999,128.39600000000002,158.292,184.50900000000001,240.014,t245
56.3324,49.9728,43.0247,43.2603,44.4085,51.4528,57.0413,64.1195,79.2157,85.7056,96.7025,106.932,120.465,149.491,175.12099999999998,229.63400000000001,t246
61.7881,55.013000000000005,47.4523,48.3574,49.5689,57.8279,63.8506,72.4014,88.0373,95.5236,106.34299999999999,117.698,132.178,160.248,184.899,237.104,t247
63.7924,56.5533,48.4726,48.9654,50.1089,58.5067,64.8821,73.6084,90.3315,97.2649,109.073,120.9,134.72,163.71,187.82,240.33900000000003,t248
58.258,51.8151,44.7521,44.8687,45.6422,52.3966,57.6362,64.722,78.6493,85.0832,94.7939,104.428,116.992,144.217,169.41400000000002,222.946,t249
99.7747,92.9158,87.2846,96.3548,102.96,133.248,153.989,181.078,228.667,244.71400000000003,283.52299999999997,296.47900000000004,321.635,334.99,344.37199999999996,415.23800000000006,t25
57.1855,50.8399,43.7747,44.1631,44.8725,51.4203,56.8186,63.998000000000005,78.5135,85.0858,95.92299999999999,106.009,118.98100000000001,146.472,170.196,221.024,t250
61.4367,54.1639,45.6205,45.4927,46.0233,53.3469,58.9162,66.6918,81.0763,87.5712,97.4299,106.861,119.655,145.664,169.183,219.65099999999998,t251
58.693000000000005,51.722,44.0201,43.9499,44.3464,50.7857,55.8993,62.8532,76.4353,81.965,91.4075,100.15899999999999,111.34,135.106,156.19,203.46900000000002,t252
57.9192,51.1855,43.6704,43.8977,44.5189,51.6093,56.928000000000004,64.1123,78.8247,85.0893,95.2405,104.507,117.561,145.153,169.675,222.44799999999998,t253
56.8903,50.3852,43.2178,43.3839,44.2378,51.7793,57.608999999999995,65.7421,81.0835,87.9061,98.4756,108.78,122.09200000000001,149.954,174.347,226.565,t254
59.2969,52.4054,44.4903,44.6859,45.2786,52.3992,58.1532,66.1367,80.821,87.1954,97.1274,106.20700000000001,119.083,145.457,168.838,219.12900000000002,t255
57.6815,51.622,44.693000000000005,44.9939,45.9346,53.0578,58.4904,65.9622,80.3515,86.7509,96.6532,106.294,119.352,145.03799999999998,167.82299999999998,216.832,t256
56.5597,50.7635,43.878,44.2936,44.9709,52.3935,58.3126,66.3522,81.8725,89.1679,100.00200000000001,110.035,124.31,153.437,179.467,232.875,t257
58.7927,51.8979,43.9362,43.7503,44.6255,51.5842,57.1574,64.3492,78.9028,85.2221,95.1245,104.97399999999999,117.708,143.17700000000002,166.10299999999998,216.303,t258
55.0213,48.795,41.8275,41.7079,42.1476,48.3488,53.2247,59.5005,72.904,78.9344,88.7192,97.6147,110.066,135.81,158.968,209.729,t259
123.204,111.84,102.314,108.32700000000001,111.96600000000001,137.06,155.486,177.59400000000002,227.61900000000003,241.22799999999998,284.285,297.566,327.08299999999997,350.712,361.85900000000004,439.63199999999995,t26
58.206,51.6693,44.3912,44.537,45.5916,53.1843,59.1525,66.5953,82.439,89.0906,100.363,110.941,124.694,154.388,180.80900000000003,237.55700000000002,t260
62.0013,54.867,46.2882,46.5966,47.6146,55.2477,61.2445,69.1514,84.6725,91.5649,101.977,112.57700000000001,126.87299999999999,157.351,185.048,243.398,t261
57.1861,50.8913,43.6445,44.1859,45.28,53.1662,59.2441,67.3473,83.6788,90.7335,101.866,112.29299999999999,126.947,156.689,182.95,237.275,t262
60.4916,53.7773,46.1713,46.6772,47.3492,55.0324,61.3218,69.9776,85.8278,92.8933,103.728,114.186,128.326,157.35299999999998,182.821,236.87900000000002,t263
47.6209,42.772,36.6656,37.3898,38.7861,45.1549,50.0274,56.3537,69.0185,75.2457,84.4488,93.7539,105.785,129.58,150.721,195.768,t264
48.5226,43.7373,38.3093,39.1724,40.1984,46.8522,51.523999999999994,57.8788,70.4307,76.4409,85.6201,94.7501,106.90299999999999,130.84799999999998,153.58100000000002,200.66400000000002,t265
48.4708,43.6731,37.8522,38.3766,39.4016,45.6683,50.513000000000005,56.8427,69.1514,75.1613,84.4061,94.40700000000001,105.906,128.134,148.195,190.81,t266
50.4194,45.3218,39.4807,40.3455,41.6258,48.6806,53.8963,61.1401,74.63,81.4732,91.759,102.59700000000001,116.4,143.936,168.495,219.965,t267
48.6774,43.7199,38.0315,38.5337,39.3686,45.92,50.611999999999995,56.4792,68.8642,74.8981,83.8969,93.8001,105.213,127.75,148.20600000000002,191.93,t268
48.9118,44.4125,39.0628,40.0927,41.2896,47.8306,52.6558,59.0376,71.9306,78.4176,87.7959,97.3195,110.792,138.424,164.545,217.912,t269
74.4696,67.9321,58.4993,62.8456,67.8721,85.5955,97.8034,113.49700000000001,144.191,154.018,180.15400000000002,200.06799999999998,229.57299999999998,284.657,326.161,425.347,t27
53.3874,48.0032,41.8226,42.8184,44.1098,51.5499,56.7966,64.0038,77.8556,84.5664,94.2395,105.02,117.65700000000001,142.725,164.78,211.12599999999998,t270
52.0934,46.9462,40.7753,41.4143,42.5155,49.2441,54.1104,60.8506,73.7926,80.3284,89.838,99.949,112.479,137.461,160.80200000000002,210.362,t271
51.1792,46.0717,40.3637,41.5519,42.9521,50.1218,55.3757,62.1284,76.0351,82.7289,93.066,102.975,115.82799999999999,141.759,164.128,211.774,t272
52.2289,47.1025,41.2339,42.4072,43.7585,50.776,55.9458,62.8289,76.4295,83.0991,93.2964,103.604,116.57600000000001,142.615,165.765,214.71900000000002,t273
53.8539,47.3792,40.0783,40.1875,40.8784,47.4863,52.6614,59.4557,72.7043,79.2783,88.6883,98.0909,111.523,139.713,166.602,221.507,t274
54.1564,48.4164,42.0023,42.6113,43.7456,51.2494,57.0689,64.9967,80.0374,86.4464,96.2684,105.79799999999999,117.413,145.004,169.044,221.39,t275
55.8179,50.2213,43.6078,44.2698,45.3707,53.6123,59.6043,68.2924,83.8481,90.7145,100.514,110.171,123.15299999999999,150.792,176.14700000000002,229.71599999999998,t276
53.2727,46.8001,39.55,39.1659,39.2329,44.8236,49.3856,55.4449,67.5109,72.9061,81.2885,89.6827,100.655,122.95200000000001,143.546,187.342,t277
52.4089,46.3085,39.3409,39.0866,39.5124,45.8238,50.9479,58.0263,70.6664,76.8792,85.2862,93.884,104.848,127.45700000000001,147.882,191.877,t278
54.4506,48.048,40.9193,40.9681,41.2166,47.5468,52.6538,59.2979,72.5826,78.0294,86.9084,95.2443,106.49799999999999,129.38299999999998,148.65200000000002,191.175,t279
72.8743,66.4031,58.5847,64.6696,69.8639,90.3899,104.935,124.34899999999999,162.24200000000002,177.271,209.21099999999998,236.851,276.367,346.301,395.211,501.16,t28
51.9754,46.0775,39.4208,39.2894,39.5178,45.6405,50.42,57.1767,69.4556,75.0955,83.1943,90.8222,101.337,123.485,143.852,188.12,t280
56.4793,49.5188,41.6568,41.573,42.0432,48.8393,54.1723,61.5384,75.3102,80.9349,89.65,97.9085,108.14,130.845,150.717,194.382,t281
55.3183,48.9017,41.7654,41.703,42.2549,48.7259,53.8021,61.0166,74.3168,80.0875,89.1472,98.2506,109.45100000000001,134.071,155.343,201.922,t282
54.9726,48.736999999999995,41.3062,41.3359,41.6191,48.0386,52.9772,60.2765,73.3068,79.0088,87.3139,95.3186,106.103,128.92700000000002,149.621,195.592,t283
54.2234,48.2799,41.6858,42.0908,43.0046,49.8947,55.2484,62.6554,76.2901,82.6735,91.9886,101.635,113.69200000000001,139.632,162.39600000000002,211.498,t284
56.3006,50.1897,43.6614,43.9563,45.0296,52.4939,58.3302,66.4664,81.1668,87.9913,98.0268,108.17200000000001,121.211,147.374,171.03799999999998,220.975,t285
54.0185,47.8172,40.6004,40.6762,41.2357,47.615,52.6861,59.3856,72.6569,78.4971,87.7609,96.6816,107.616,131.433,152.512,199.252,t286
48.8282,43.6016,37.2753,37.5965,38.1557,44.0421,48.7466,55.284,68.0437,74.4284,83.0282,92.3326,104.365,129.888,153.328,202.122,t287
49.8989,44.8414,38.9607,38.9291,39.7473,45.5339,50.2401,56.5467,69.7082,75.6716,84.9889,94.4903,106.65899999999999,132.326,155.85399999999998,205.825,t288
55.3829,49.6921,43.2855,43.8373,45.2526,52.7332,58.3778,65.8821,80.5571,86.4874,97.21,107.154,119.155,145.586,166.965,214.80200000000002,t289
64.9398,58.7567,50.5485,54.1893,58.0228,73.4303,84.3466,97.9289,127.069,136.166,160.591,179.78900000000002,209.03099999999998,265.86,310.818,414.30699999999996,t29
51.0252,45.4953,38.8331,39.1051,39.854,46.2225,51.3194,58.0214,71.4596,77.5647,87.2377,97.2807,109.38,135.839,159.41,209.399,t290
56.1138,50.2621,43.4356,43.7926,44.5859,51.6755,56.9966,64.5155,78.3608,84.6893,93.9612,103.65100000000001,115.792,140.71,162.86700000000002,210.91,t291
54.3376,48.657,42.0862,42.3534,43.3502,50.3034,55.418,62.4089,75.8273,81.7562,91.0549,100.68799999999999,112.896,136.965,159.149,207.213,t292
51.9847,46.0093,39.4511,39.3145,39.8393,45.9911,50.8621,57.2109,70.2216,75.872,85.2534,94.0967,104.895,129.14600000000002,150.909,198.084,t293
54.5134,48.415,41.6384,42.0131,42.7896,50.0245,55.6911,63.486999999999995,77.9853,84.2698,94.1848,104.23899999999999,116.715,142.811,165.428,214.34599999999998,t294
52.6425,46.9023,40.4437,40.5989,41.1246,47.5945,52.3041,58.8658,72.0081,77.3977,86.4319,94.7843,105.171,127.85600000000001,147.929,193.162,t295
51.6906,46.4123,40.3822,40.7027,41.8746,48.1791,53.2707,59.75,73.4941,79.4978,89.6065,99.3868,112.751,141.285,168.44299999999998,225.183,t296
50.3812,45.1055,39.1324,39.3203,39.8434,45.7844,50.3546,56.6648,69.4207,75.0155,84.2309,93.257,104.88600000000001,129.70600000000002,152.615,202.21599999999998,t297
50.5933,45.0199,38.5478,38.9354,39.7006,46.1318,51.051,57.9445,71.6316,77.6996,87.2915,97.2738,109.24,134.565,156.495,203.889,t298
55.2034,49.4614,42.6431,43.1514,43.8934,51.4756,57.3307,65.5294,80.2797,87.0441,96.5952,106.045,119.11,146.319,171.488,224.65400000000002,t299
62.4731,56.9636,49.1158,52.4359,56.0364,70.6442,80.7875,93.9005,120.98200000000001,130.526,153.70600000000002,172.132,200.65900000000002,254.88299999999998,298.935,395.897,t30
51.2203,46.1787,40.3085,40.834,41.9167,48.8742,54.0473,61.4829,75.7692,82.1316,92.353,102.55799999999999,114.986,141.787,164.82299999999998,213.31799999999998,t300
50.1056,44.9881,39.4632,39.7278,40.6761,46.74100000000001,51.6608,58.2381,71.3674,76.7132,85.9254,94.6983,105.53399999999999,128.686,149.268,195.505,t301
50.6258,44.5611,37.6412,37.4803,37.5533,43.1497,47.933,54.3524,66.5806,72.0879,80.1648,87.8971,98.0732,119.682,139.982,184.312,t302
53.5605,47.6012,41.0222,41.1685,41.5699,48.0008,53.1317,60.8415,74.0203,79.99600000000001,88.8555,97.7042,108.78399999999999,130.828,150.319,193.012,t304
52.7216,47.0216,40.7415,40.9948,41.7249,48.3235,53.4033,60.3275,73.3844,79.5976,88.6351,97.5802,109.39299999999999,132.91299999999998,153.903,199.546,t305
50.5975,44.858000000000004,38.2961,37.9684,38.0661,43.8091,48.3021,54.218999999999994,65.6956,70.9817,79.1491,86.5218,96.9839,119.44,140.22,185.605,t306
51.9393,46.2153,39.5338,39.7663,40.2731,46.943999999999996,52.0807,58.8867,72.5504,78.1298,87.8813,96.9958,107.524,130.825,150.622,195.222,t307
53.4,47.4736,40.5805,40.9442,41.7287,48.5426,53.788999999999994,60.9377,75.0041,80.9982,90.4358,100.301,110.98299999999999,134.372,154.35299999999998,199.08900000000003,t308
51.1973,45.3009,38.2515,38.2709,38.7918,44.8244,49.5108,56.0571,68.7341,74.1097,83.2268,91.7107,102.34700000000001,125.95700000000001,146.869,192.267,t309
62.0202,56.8237,49.5478,53.1547,57.0911,72.1469,82.8877,96.9116,125.141,134.89700000000002,158.392,177.053,205.05599999999998,257.742,299.402,393.48699999999997,t31
51.9953,46.1399,39.6867,39.8169,40.4193,46.6777,51.535,58.2735,71.2624,76.4515,85.8088,94.4224,105.34299999999999,128.504,148.32,192.65599999999998,t310
52.6616,46.5611,39.795,39.942,40.2834,46.5268,51.3901,57.6592,70.7319,76.48,85.617,94.2051,105.314,129.238,150.53,197.253,t311
54.6121,48.7688,42.0066,42.5555,43.7977,51.915,58.202,67.6073,84.0255,91.3369,101.545,111.385,123.956,150.332,172.53400000000002,220.892,t312
51.9788,46.1373,39.9049,40.0279,40.816,47.5647,53.1053,60.7569,74.7655,81.2266,89.8007,97.9824,109.494,134.497,157.505,207.35,t313
53.909,47.8812,41.0148,41.1216,41.6698,48.5898,53.7279,60.8012,75.3133,81.5918,91.5275,101.781,114.56200000000001,141.563,165.049,215.80599999999998,t314
52.181000000000004,46.9795,41.3042,42.1357,44.0748,51.9204,58.0125,66.2593,82.3041,89.8308,101.22399999999999,112.365,125.87299999999999,154.946,180.248,233.06799999999998,t315
50.1018,44.4863,38.1429,38.2359,38.8641,44.8399,49.2434,55.5772,67.7235,72.7312,81.3938,89.4565,100.029,122.87899999999999,142.963,187.607,t316
53.2826,47.3212,40.2262,40.246,41.1483,48.2737,53.9363,61.6451,76.633,83.3007,93.3719,103.631,115.846,141.96200000000002,164.08599999999998,212.472,t317
51.7957,46.0547,39.4808,39.3708,39.7778,46.2252,51.3307,58.2621,71.4925,77.1895,86.4777,94.978,106.632,131.195,153.955,202.979,t318
54.6015,48.6793,42.0676,42.3407,43.1792,50.0602,55.3882,62.906000000000006,76.9635,83.4974,93.5372,103.34,116.54799999999999,143.516,167.908,219.831,t319
77.2513,70.2327,60.2739,63.9122,66.8601,83.0132,95.2252,110.544,141.968,150.862,178.96200000000002,197.892,229.797,283.744,325.966,425.79699999999997,t32
51.6602,46.6302,40.4474,41.0544,42.1116,48.6174,53.7619,60.3381,74.4657,80.9389,91.4277,101.324,113.943,139.879,162.186,210.84099999999998,t320
54.4021,48.4304,41.1842,41.1605,41.9391,48.003,53.0193,59.4785,72.413,77.9356,86.74700000000001,95.2524,106.166,128.769,148.718,193.104,t321
59.6789,52.5278,44.1554,44.2678,45.0366,53.3391,60.2774,70.7975,87.5997,95.146,104.256,112.286,123.08,147.83700000000002,171.153,223.479,t322
53.9467,48.0562,41.1111,41.1091,41.7393,48.2076,53.2317,60.2124,73.2656,79.2342,88.3376,97.5348,109.11200000000001,133.136,154.759,202.102,t323
45.6472,41.0025,35.6784,36.5582,37.7999,44.0132,48.7199,55.0238,67.4128,73.1415,81.8922,90.5775,101.74799999999999,125.844,148.039,194.57,t324
47.8115,42.9785,37.4075,37.9407,39.2554,45.8517,50.9029,57.728,70.8069,76.5032,84.9557,92.9272,103.821,126.131,145.855,189.34900000000002,t325
46.7982,41.388999999999996,35.4646,35.4222,36.3231,42.1503,46.9185,53.1965,65.8806,71.9512,80.9201,89.97,100.736,124.434,145.631,190.322,t326
49.4705,43.6502,37.1745,37.8208,39.4951,46.1188,51.4392,58.6653,73.1807,79.2022,89.8074,99.3044,110.605,136.276,157.059,203.864,t327
47.052,41.5259,35.3925,35.589,36.6841,42.6679,47.4046,53.7724,66.5871,71.7375,80.1127,87.9094,98.4113,122.301,144.004,190.955,t328
45.191,40.1796,34.2746,34.7534,35.9039,41.8464,46.5802,52.841,65.3195,70.5647,79.1713,86.9838,96.93700000000001,118.64399999999999,137.253,178.06599999999997,t329
59.2218,54.494,47.1844,50.4893,54.1827,68.7209,79.3547,92.7385,121.161,131.882,155.912,175.856,206.12900000000002,264.624,312.37,414.126,t33
45.5102,40.5761,34.6952,35.3665,36.5694,43.0073,48.1017,55.3849,68.2186,73.9778,81.89,89.1987,98.5409,119.876,138.92,180.729,t330
45.9881,40.8933,35.0785,35.6274,36.6826,42.8803,47.7517,54.7058,67.0866,72.6048,80.2912,87.8016,96.59299999999999,117.38,135.786,176.313,t331
48.1476,42.9835,37.3512,37.9462,39.0936,46.0064,51.2048,58.0243,71.2615,77.0364,85.8735,93.6608,104.40799999999999,128.168,149.356,195.468,t332
45.6992,40.2308,34.4092,34.7863,35.8803,41.4151,45.9159,51.9215,63.9685,69.3384,77.6474,85.5753,95.0329,117.486,137.54,180.66299999999998,t333
53.8142,47.8076,40.7233,41.3493,42.9017,50.33,56.028,64.0591,78.6244,86.4292,96.7275,107.48700000000001,120.76100000000001,147.768,173.24400000000003,224.726,t334
49.2385,43.2169,36.4998,36.8951,37.9637,44.1035,49.0069,55.6692,68.5851,74.1096,82.5129,90.3038,100.963,125.27799999999999,147.81,196.81900000000002,t335
46.5465,41.571999999999996,35.4604,35.8625,37.0426,43.1378,47.9567,54.6664,67.3759,73.4354,81.9157,90.8027,102.025,126.475,148.995,195.408,t336
49.6172,43.7211,37.5589,37.6177,38.7363,44.7609,49.4245,56.0838,68.1997,73.6024,81.7954,90.0788,100.306,120.911,139.60399999999998,180.328,t337
50.2881,44.7583,38.3175,38.9977,40.3291,46.8006,52.04600000000001,59.2736,72.5148,78.0306,87.3122,96.075,106.51899999999999,129.475,149.39700000000002,193.24200000000002,t338
44.4121,39.2476,33.4079,33.6942,34.3549,39.6279,43.922,49.6515,60.845,65.2028,72.7964,79.7672,88.5358,107.602,124.499,162.308,t339
57.897,52.9974,46.0363,48.9148,52.285,65.8771,75.5868,88.2677,114.335,123.62100000000001,145.998,163.626,191.826,245.342,289.76,386.625,t34
47.3817,41.6807,35.5806,35.4725,36.1971,41.7369,46.3363,52.1763,63.5303,68.7857,76.3632,84.2315,93.7924,113.73200000000001,132.143,171.903,t340
48.7969,43.2757,36.9776,37.3564,38.494,45.3824,50.645,58.3814,71.679,77.8959,86.4117,94.8301,105.49799999999999,128.605,149.409,194.101,t341
54.4903,48.3768,41.2847,42.205,44.0073,51.8678,57.7418,66.1162,80.6369,88.0419,97.7936,107.92,120.881,148.033,172.09599999999998,222.11700000000002,t342
45.0863,39.9209,34.097,34.6052,35.5499,41.3621,45.7972,51.5559,63.761,69.0761,77.5463,86.2193,96.9315,120.927,142.92,189.297,t343
54.7012,48.7423,41.5304,42.8715,44.4832,52.7016,58.9107,67.9834,82.7082,89.8333,99.29,109.02600000000001,121.61,147.644,170.454,218.00099999999998,t344
45.4302,40.7351,35.2834,36.2546,37.9337,44.1242,48.9898,55.4116,68.2349,73.9873,83.4825,92.2367,103.23100000000001,127.109,147.066,189.77700000000002,t345
44.1078,39.635,34.1487,34.8395,35.9613,41.858000000000004,46.3595,52.6131,64.8017,70.1962,78.4971,87.0755,97.3695,120.07799999999999,140.145,182.292,t346
46.1923,41.3438,36.0777,36.935,38.6557,45.2461,50.4083,57.6012,71.6255,77.4512,87.196,96.4374,108.113,134.18200000000002,156.359,203.753,t347
45.927,40.9213,35.385,35.8227,37.2904,43.375,48.0237,54.3053,67.314,72.3974,81.6632,90.0962,99.6996,123.105,143.241,188.196,t348
45.4862,40.5124,34.853,35.387,36.9154,42.8247,47.6512,53.9697,66.9736,72.2961,81.7333,90.51,101.14,125.279,145.648,190.092,t349
63.5432,57.6284,49.349,52.0387,54.9394,68.8875,78.939,91.5502,119.016,127.95,151.19899999999998,168.095,196.50400000000002,250.17,293.741,393.61800000000005,t35
44.4905,40.0938,35.586999999999996,36.2389,37.5095,43.5034,48.1536,54.1688,66.7752,72.6139,81.8126,90.6782,102.566,127.29799999999999,148.72899999999998,193.838,t350
44.4159,39.774,34.5341,35.5828,36.8453,42.8094,47.5201,53.4935,66.0109,71.3156,80.2277,88.876,98.708,121.262,140.414,183.208,t351
42.3951,38.1434,33.2401,34.2185,35.5815,41.9167,46.7739,53.5723,66.8423,72.543,81.5408,89.5797,99.8662,123.698,144.189,188.243,t352
49.3487,43.7036,37.247,37.7269,38.9804,45.5932,50.6636,57.7354,70.4809,76.4669,85.0018,93.0995,103.508,126.215,146.412,189.662,t353
44.4939,40.1485,35.2206,35.8995,37.2863,42.9761,47.5808,53.9467,66.3411,71.5623,80.1533,87.8573,98.2424,120.941,141.388,185.622,t354
45.1993,40.3089,34.7053,34.9487,35.9177,41.3884,45.6794,51.3468,63.3429,68.3255,77.1813,85.2809,96.0233,120.07700000000001,141.33,186.53900000000002,t355
41.6607,37.5071,32.7169,33.3074,34.7187,39.9502,44.1291,49.7916,61.4016,66.41,74.7355,82.54,91.8378,112.87200000000001,131.355,171.674,t356
45.4929,40.4818,34.7157,35.2329,36.5388,42.4624,47.0951,53.4931,65.8304,71.779,80.7159,89.6869,100.20299999999999,123.588,144.028,187.44099999999997,t357
42.9085,38.3866,33.4961,34.28,35.5408,41.3251,45.6478,51.5421,63.8973,69.0418,77.6483,86.2166,96.6669,119.818,140.32,184.924,t358
42.7573,38.1736,33.2121,33.693000000000005,34.6132,39.9922,44.2358,49.897,61.5435,67.2847,75.9793,84.6478,94.921,117.545,137.717,180.62,t359
64.6661,59.2288,50.7508,54.6459,58.5044,73.79,84.9579,99.0148,128.517,138.659,164.025,183.80200000000002,214.088,270.10200000000003,315.817,417.949,t36
42.5821,38.3134,33.5381,34.1885,35.702,41.7129,46.4179,52.5248,65.3388,70.7483,79.635,88.4117,99.1528,122.523,143.08100000000002,187.035,t360
42.7268,38.4383,33.5526,34.4245,35.6013,40.9955,45.2847,50.9344,62.9654,68.3562,77.1918,86.0693,97.1371,122.287,145.759,194.59799999999998,t361
47.063,41.8694,35.8621,36.396,37.7044,44.1634,49.076,55.7351,68.7807,74.7548,83.3216,92.0877,102.944,126.765,148.485,195.049,t362
46.3705,41.0015,35.1667,35.4017,36.2224,42.038000000000004,46.6366,52.9089,64.8969,69.8798,77.9872,85.1741,95.1869,115.999,135.36,177.21099999999998,t363
48.6958,43.5225,37.5865,38.2751,40.0743,46.8834,51.9354,59.0795,72.5139,78.5526,87.8067,96.9665,108.087,132.515,153.885,200.386,t364
45.6409,40.4577,34.7552,35.3046,36.6457,42.968999999999994,47.8274,54.5111,67.423,73.4676,82.6456,91.2461,102.075,125.318,146.285,190.888,t365
45.4779,40.154,34.4185,34.8816,35.8638,42.3126,47.2308,54.2291,67.1013,72.867,81.5571,89.8665,100.802,123.802,144.078,187.175,t366
47.4547,42.4068,36.5878,37.2754,38.8157,45.1774,50.089,56.8511,69.8199,75.7046,84.6224,93.3704,104.788,129.597,151.977,199.915,t367
46.765,41.4091,35.2934,35.7092,36.3675,41.8585,46.3258,52.3939,63.95399999999999,69.5122,77.7866,85.8822,94.8466,114.21600000000001,131.032,168.785,t368
46.2152,41.3923,35.5461,36.3232,37.7792,44.1863,49.1693,55.9709,68.6926,74.8166,83.8329,92.807,103.925,127.014,146.782,189.713,t369
67.4763,61.5284,53.3136,56.5754,60.5145,76.3159,87.4308,101.949,131.121,142.539,166.69099999999997,186.792,216.46200000000002,273.285,318.14099999999996,418.038,t37
45.4956,40.5654,35.1482,35.8102,36.7701,42.5723,47.3225,53.6409,66.0011,71.5059,79.6834,87.87200000000001,98.6818,120.637,140.537,183.893,t370
46.5183,41.1627,35.5002,35.6807,36.8156,43.1249,48.0379,55.0527,67.7807,73.5759,81.9903,89.9805,100.529,123.494,144.28799999999998,189.582,t371
43.8906,39.1917,33.6702,34.0365,35.1598,40.8798,45.2707,51.3303,63.2777,68.7818,76.9579,84.3767,94.4588,115.50299999999999,133.851,174.149,t372
48.7602,43.7461,37.8085,38.6247,40.1324,47.4665,53.0878,61.2213,75.1603,81.5874,90.0702,98.1759,109.64299999999999,133.357,155.769,203.24099999999999,t373
44.7574,39.8381,34.0954,34.5259,35.5621,41.4243,45.9691,52.1974,65.196,70.0978,79.316,87.2125,97.2956,119.51899999999999,139.056,183.458,t374
47.4424,41.8836,36.1241,36.4018,37.2109,43.6613,48.7217,55.7304,69.0202,74.4533,83.3923,91.3837,102.068,124.57700000000001,144.779,190.081,t375
49.1853,43.6538,37.3294,38.2984,39.7947,46.8775,52.4002,60.1267,73.6799,79.3061,88.3255,96.2453,107.50200000000001,129.53799999999998,149.203,193.67700000000002,t376
47.8988,42.498000000000005,36.1417,37.0056,38.5376,45.602,51.2789,58.9755,73.0854,78.8667,88.1425,96.3846,108.846,134.501,157.588,207.872,t377
47.1492,41.5138,35.0338,35.461,36.609,43.2056,48.2915,55.1309,68.4605,73.7215,83.0995,91.088,102.006,124.821,144.811,189.34599999999998,t378
48.2385,43.006,36.7668,37.4199,38.6365,44.9434,50.0229,56.9304,69.7754,75.1311,83.3019,90.8544,101.652,124.094,144.32299999999998,189.804,t379
59.3598,54.1495,46.5751,49.1201,52.1272,65.2275,75.0521,87.2277,113.87700000000001,123.54,145.218,163.186,191.31900000000002,244.69,289.556,387.64300000000003,t38
47.8423,42.42,36.3115,36.707,37.9838,44.4415,49.4555,56.0075,69.4518,74.1424,83.5629,91.527,102.73,126.178,146.32,193.095,t380
43.68899999999999,38.8658,33.2896,33.7778,34.8944,40.6979,45.3603,51.3707,63.592,68.6616,77.0936,84.8609,95.4155,117.807,137.489,181.238,t381
43.8106,39.1322,33.7332,34.2411,35.2687,40.7403,45.0079,50.6207,62.4011,67.0595,75.4644,83.0517,92.7363,113.675,131.787,172.28900000000002,t382
45.3716,40.3186,34.6944,35.2932,36.7199,42.9183,47.7897,54.4992,67.1821,72.6555,81.536,89.5398,100.389,123.03200000000001,142.154,184.75900000000001,t383
47.2466,42.1203,36.2385,36.8413,38.2295,44.5658,49.4798,56.2129,69.141,74.1981,83.5019,91.7447,102.523,126.147,146.95,194.138,t384
50.0077,44.5381,38.0717,38.7023,40.0896,46.7943,51.9867,59.0528,72.2132,77.1929,86.1696,94.5739,105.074,126.679,145.27100000000002,188.437,t385
46.3199,40.911,34.9607,35.6031,37.1144,43.9137,48.8905,55.7378,69.2845,74.4498,83.9372,91.6327,101.98100000000001,124.699,143.898,188.26,t386
47.7883,42.3163,36.0585,36.7797,38.3659,44.9609,50.0578,56.8565,70.4646,75.4384,85.08200000000001,92.9715,103.899,127.84700000000001,149.185,197.158,t387
43.1439,38.4097,33.3042,33.8481,34.8615,40.5434,45.1173,50.8693,62.9088,67.4421,76.1361,83.6597,93.845,115.56299999999999,134.757,178.19799999999998,t388
46.7985,41.8672,36.1106,36.9405,38.5186,45.2021,50.456,57.3441,71.1405,76.6752,86.7477,95.3756,107.726,134.368,157.31,207.62599999999998,t389
78.0998,70.9532,60.7321,63.7935,66.2778,81.641,92.9272,107.56,136.746,146.52700000000002,170.72,189.21200000000002,217.545,267.256,307.493,400.816,t39
45.1746,39.8413,33.7725,34.1676,35.1859,41.4202,46.4207,53.2653,65.9534,71.2702,80.2607,88.0791,98.94,121.40700000000001,141.219,185.187,t390
45.5868,40.2477,34.3368,34.681999999999995,36.0597,41.8266,46.6533,52.9148,65.2779,70.4616,78.9542,87.0595,97.7416,120.545,141.19,186.726,t391
46.4531,41.4839,35.6166,36.3676,37.774,43.9717,48.8288,55.2011,68.0392,72.9298,82.4739,90.8309,101.897,124.777,145.376,191.46599999999998,t392
435.51300000000003,392.231,452.66900000000004,490.316,399.759,423.968,433.44800000000004,409.11199999999997,431.736,455.86699999999996,445.856,506.06,520.558,522.29,586.376,,t40
447.346,407.16,468.407,503.38599999999997,405.329,423.496,425.79699999999997,395.349,413.647,434.32199999999995,424.07,480.832,494.592,495.93699999999995,556.175,,t400
420.43,396.81,477.897,535.057,434.684,438.531,414.16,377.50199999999995,392.37800000000004,411.352,402.93300000000005,455.694,471.501,474.874,535.441,,t401
423.73400000000004,397.89599999999996,483.775,539.2330000000001,439.904,438.916,408.903,367.212,377.80199999999996,396.1,384.18699999999995,435.861,450.70300000000003,450.455,506.973,,t402
422.01800000000003,370.163,406.98199999999997,420.129,331.27,355.671,369.288,352.374,370.416,394.10900000000004,380.75,433.695,449.26300000000003,448.921,507.885,,t403
438.885,414.298,506.42699999999996,571.606,471.865,467.038,434.746,392.306,406.18800000000005,426.202,413.80800000000005,469.275,484.3,484.787,546.009,,t404
564.585,475.30199999999996,513.248,536.1080000000001,428.55800000000005,448.02099999999996,440.92199999999997,402.91,417.14,440.815,421.667,478.91900000000004,493.42199999999997,489.63,551.531,,t405
396.31300000000005,371.759,465.728,530.505,442.217,439.23900000000003,408.481,367.87699999999995,381.309,401.522,387.94199999999995,440.10699999999997,455.19,454.717,513.106,,t406
416.32199999999995,387.649,478.034,530.165,435.783,448.67900000000003,432.791,396.735,412.89099999999996,438.265,421.485,478.691,495.57199999999995,493.598,556.643,,t407
463.94800000000004,432.43199999999996,523.9680000000001,586.797,482.76199999999994,489.777,460.8,415.231,427.599,449.856,434.80800000000005,493.296,508.914,505.228,566.861,,t408
460.45099999999996,429.564,510.849,572.749,483.39,477.03,449.11199999999997,403.832,420.63199999999995,441.967,430.358,486.284,500.093,500.83,560.263,,t409
48.0186,43.8845,38.0858,41.9047,46.9979,62.343,72.2228,85.654,112.87,125.402,146.735,170.803,200.386,264.935,318.806,422.278,t41
446.19199999999995,415.04,505.213,571.4019999999999,474.384,472.944,437.33,396.19699999999995,410.426,433.875,417.164,474.356,491.19699999999995,487.56199999999995,551.703,,t410
500.89599999999996,431.645,476.184,497.975,393.79699999999997,427.25199999999995,440.44300000000004,420.735,443.631,472.57099999999997,456.32300000000004,519.202,537.797,535.814,605.39,,t411
357.02099999999996,330.923,438.74,514.35,438.272,445.962,417.275,382.376,398.0,425.345,406.056,463.13599999999997,481.86199999999997,476.526,540.6990000000001,,t412
501.145,421.075,459.103,468.343,377.85699999999997,416.73699999999997,431.754,405.881,424.30699999999996,454.017,425.995,484.93800000000005,501.38800000000003,492.452,558.254,,t413
422.319,393.22900000000004,489.87800000000004,548.024,468.412,475.955,450.85900000000004,409.158,425.332,452.556,424.358,478.99,493.23199999999997,483.825,546.391,,t414
353.80400000000003,333.662,440.694,514.145,438.733,447.87300000000005,421.416,384.35,398.434,423.815,401.82800000000003,454.777,470.80400000000003,462.69699999999995,521.495,,t415
437.91900000000004,402.76,491.213,553.419,458.048,466.714,437.50800000000004,396.11699999999996,407.418,429.72900000000004,410.17900000000003,464.298,478.501,471.11699999999996,529.385,,t416
438.92800000000005,402.474,491.00800000000004,556.138,472.23900000000003,473.70300000000003,445.64099999999996,404.009,419.48800000000006,442.415,421.755,476.111,489.745,484.289,545.464,,t418
477.542,436.406,525.9259999999999,592.501,494.994,499.509,468.806,425.954,440.966,465.13599999999997,443.212,498.931,513.403,507.983,572.404,,t419
53.9422,48.9106,41.8401,45.6501,51.0413,66.8528,77.3399,91.34299999999999,117.68299999999999,129.065,150.27200000000002,173.234,199.456,256.433,300.751,391.02,t42
370.295,340.435,421.358,468.376,387.091,406.351,392.915,361.413,374.39099999999996,396.96,379.027,429.642,444.287,438.917,495.096,,t420
452.416,417.189,502.221,566.445,472.98199999999997,473.621,440.43800000000005,399.55300000000005,413.27,436.36300000000006,416.19300000000004,470.392,486.06800000000004,480.50800000000004,542.939,,t421
418.68,387.522,477.60699999999997,539.599,457.233,463.755,437.99800000000005,396.491,410.684,432.759,411.92199999999997,464.985,478.92900000000003,471.87199999999996,531.438,,t422
464.29699999999997,423.601,502.21,558.312,465.67400000000004,472.30300000000005,446.189,406.04900000000004,421.486,445.18300000000005,425.89,482.023,496.977,492.144,554.756,,t423
412.491,383.189,501.97900000000004,584.467,493.463,505.935,472.51800000000003,436.63199999999995,453.915,486.955,456.91900000000004,519.9830000000001,538.812,527.113,600.486,,t424
447.725,385.79,463.397,509.954,414.773,441.56800000000004,423.12699999999995,391.32,403.838,434.293,401.452,460.166,476.212,460.814,527.825,,t425
398.716,355.94699999999995,452.491,512.5,423.42400000000004,447.395,415.06300000000005,379.44800000000004,388.58099999999996,418.93,383.67400000000004,444.955,461.171,441.07300000000004,506.19599999999997,,t426
362.245,332.084,436.602,503.824,421.17900000000003,440.719,408.833,374.10699999999997,385.139,413.968,381.26300000000003,440.186,456.329,438.72,503.842,,t427
389.95300000000003,349.85900000000004,455.85900000000004,522.331,430.528,468.277,442.38199999999995,413.899,428.06199999999995,464.64099999999996,426.089,495.329,514.7919999999999,492.56300000000005,568.528,,t428
444.148,403.686,493.05199999999996,544.134,442.287,467.63,442.045,401.87800000000004,410.17,436.974,406.509,465.02099999999996,481.07300000000004,464.69599999999997,527.85,,t429
118.19,102.71,87.5429,84.7198,81.5789,88.2875,95.1191,103.205,127.882,132.32399999999998,152.951,166.453,186.653,217.93099999999998,237.907,302.046,t43
402.837,339.219,388.286,406.597,319.48900000000003,364.048,378.85699999999997,363.274,376.899,406.17,373.00199999999995,430.39300000000003,445.69300000000004,426.77,489.214,,t430
404.13,361.98900000000003,459.524,521.927,437.208,462.155,442.17800000000005,410.62,426.35699999999997,457.87,427.60699999999997,487.036,504.352,491.691,560.194,,t431
401.582,338.29400000000004,382.74300000000005,402.81,321.366,360.26099999999997,372.295,361.022,379.62199999999996,410.00800000000004,383.87300000000005,441.88199999999995,458.727,447.075,512.856,,t432
385.981,336.733,399.88699999999994,430.654,351.151,376.55800000000005,367.906,347.05800000000005,362.005,390.064,361.986,416.45,432.834,421.208,484.603,,t433
422.39,378.07199999999995,455.695,502.472,407.13699999999994,429.01599999999996,403.412,371.778,381.48400000000004,407.81,380.32300000000004,438.18,454.64099999999996,439.60699999999997,503.207,,t434
468.889,410.176,494.36199999999997,550.309,456.476,477.86199999999997,441.81699999999995,399.39099999999996,407.78,435.608,399.957,458.733,473.716,454.999,520.696,,t435
396.351,357.14300000000003,453.63300000000004,517.596,424.24800000000005,450.87199999999996,418.23199999999997,385.292,395.274,425.707,392.471,455.767,473.009,452.49199999999996,520.2959999999999,,t436
400.81699999999995,364.67800000000005,481.755,559.878,459.885,481.045,438.916,399.773,408.648,439.769,400.384,465.221,480.408,456.61800000000005,526.621,,t437
497.028,436.625,527.457,585.809,474.155,493.17699999999996,450.218,407.719,414.98400000000004,444.50199999999995,405.07599999999996,468.62699999999995,484.37300000000005,463.399,535.251,,t438
457.222,391.12199999999996,490.71,559.3919999999999,449.56699999999995,474.791,424.079,379.796,383.56,412.54699999999997,363.39300000000003,429.894,441.18,411.29,481.441,,t439
50.7188,45.9121,39.7516,43.236000000000004,48.2886,62.5407,72.17399999999999,85.2918,110.295,120.611,140.129,162.564,188.292,243.615,288.289,378.586,t44
441.474,398.32,464.05800000000005,501.092,408.99800000000005,426.20300000000003,414.542,378.469,389.23900000000003,409.31,388.792,437.664,450.74199999999996,445.37699999999995,502.18800000000005,,t440
449.55199999999996,424.923,522.984,588.943,493.89099999999996,492.36199999999997,457.86,405.324,414.829,432.18699999999995,411.99,460.17199999999997,472.42,467.634,524.549,,t441
449.375,413.75800000000004,490.839,534.935,436.005,444.784,418.481,376.72,385.38300000000004,405.414,383.131,432.43199999999996,446.108,438.913,495.79400000000004,,t442
468.00800000000004,434.96,516.231,575.323,474.772,477.625,444.834,399.287,410.214,428.325,410.19699999999995,460.4,473.23900000000003,469.749,528.992,,t444
467.84,423.73800000000006,501.791,558.1669999999999,462.089,465.60400000000004,433.085,389.147,398.671,418.339,396.353,447.963,461.972,454.05400000000003,512.539,,t445
419.892,389.269,471.06,521.673,437.199,438.785,413.86400000000003,369.62699999999995,379.173,395.079,375.17,420.55800000000005,431.161,426.541,479.04,,t446
464.902,427.45599999999996,508.908,555.015,452.265,457.17800000000005,424.031,376.36199999999997,380.342,397.464,373.44,419.483,432.05400000000003,423.566,477.56699999999995,,t447
446.494,414.97,507.17900000000003,573.992,477.249,475.541,439.205,394.12800000000004,405.417,425.522,405.181,456.25300000000004,469.55199999999996,464.69,524.332,,t448
52.1159,47.6359,41.1468,44.7546,49.8674,64.7397,74.8215,88.4372,113.304,124.52,144.3,167.155,192.459,246.487,288.862,374.593,t45
55.9128,51.0066,43.6317,47.0915,51.9387,67.8083,78.3854,92.7015,120.48,133.421,154.694,178.65400000000002,207.476,266.658,314.498,408.716,t46
46.5993,42.5457,36.6374,40.1621,45.1097,59.1408,68.263,80.4752,104.818,115.266,134.525,155.885,180.696,236.597,281.188,370.691,t47
56.4548,50.8539,43.538000000000004,46.74100000000001,51.4767,66.0605,75.6607,88.8779,113.035,123.73700000000001,142.673,164.963,188.56099999999998,239.27200000000002,278.813,360.656,t48
60.5063,55.2082,46.9665,50.3384,55.428000000000004,71.2246,82.0635,97.2825,124.235,136.904,157.666,181.171,208.74400000000003,265.217,311.267,402.392,t49
49.673,45.0461,38.7704,42.0881,46.961000000000006,61.2488,70.5718,83.4429,107.279,117.96,136.886,158.908,184.046,238.535,282.8,371.037,t50
457.16900000000004,416.50699999999995,500.473,553.6759999999999,458.57300000000004,477.51300000000003,454.535,416.341,429.923,455.548,431.601,488.666,504.95599999999996,495.57099999999997,560.2719999999999,,t508
360.226,328.384,427.67800000000005,488.52,406.421,426.26199999999994,404.319,372.16900000000004,384.467,409.66900000000004,385.019,439.00199999999995,455.296,444.155,505.527,,t509
49.4701,45.5715,39.6977,43.5511,48.9199,63.928000000000004,73.889,87.7761,111.97200000000001,123.21,141.785,163.53799999999998,187.919,237.295,277.851,359.459,t51
458.17699999999996,421.045,504.964,563.944,460.483,463.397,427.233,384.35699999999997,393.44,413.681,392.00699999999995,443.376,457.45099999999996,449.708,509.07,,t510
436.38699999999994,405.35699999999997,522.9069999999999,603.629,507.035,510.61400000000003,470.19599999999997,423.702,435.721,461.843,433.093,490.283,505.18300000000005,492.955,557.589,,t511
463.389,423.472,511.774,568.24,472.289,486.779,458.469,413.541,423.84,446.875,421.93699999999995,476.145,490.329,480.49699999999996,541.466,,t512
403.786,381.255,506.08099999999996,589.0409999999999,495.379,502.351,460.848,413.425,422.13699999999994,446.88300000000004,418.051,472.209,487.329,474.87,536.554,,t513
529.049,488.787,592.823,662.715,540.731,535.255,480.619,426.68,431.81800000000004,453.459,423.543,477.401,491.464,479.86,544.177,,t514
474.657,432.455,515.2919999999999,573.0419999999999,472.491,474.376,436.26800000000003,390.228,398.269,418.401,395.105,446.64300000000003,460.18300000000005,451.414,510.744,,t515
141.967,124.098,106.829,102.794,97.1542,104.19200000000001,111.79700000000001,120.637,148.937,153.783,177.451,189.35299999999998,208.014,231.854,248.235,306.975,t52
45.9032,41.9084,36.2029,39.9132,44.3799,58.2972,67.5774,80.4401,104.376,115.213,133.907,155.642,179.74,229.495,269.721,351.973,t53
44.1607,40.7338,35.2278,39.0894,44.1517,58.5874,68.4732,81.6248,107.40299999999999,119.479,139.511,162.526,188.893,245.5,291.332,380.787,t54
49.2189,44.5209,38.1093,41.0965,45.772,59.5729,68.8505,81.5221,106.37799999999999,117.126,136.851,159.675,185.584,243.877,291.127,383.876,t55
50.9118,46.3553,40.2674,44.1569,49.6337,65.3483,75.6475,90.2281,116.68299999999999,128.315,149.523,173.81900000000002,199.81900000000002,255.32,298.96299999999997,387.31800000000004,t56
46.565,42.3362,36.3696,39.5846,44.0337,57.6519,66.8472,79.7531,104.196,114.833,133.789,155.225,179.43099999999998,231.68200000000002,273.712,357.654,t57
54.4606,49.3687,42.9336,45.6971,50.1028,64.4246,74.22,87.7347,111.615,123.461,141.565,163.313,187.922,236.074,276.455,359.468,t58
40.108000000000004,36.5869,31.363000000000003,34.3076,38.0987,50.1472,58.3051,69.1337,91.1289,100.751,118.141,138.111,162.267,215.753,260.89099999999996,349.621,t59
61.0552,55.6129,48.422,51.8462,56.4711,72.6988,83.8816,100.037,127.695,139.94899999999998,160.717,184.891,211.949,264.83,305.937,391.764,t60
41.5289,39.751999999999995,37.6623,44.213,51.3054,65.7803,74.7908,88.2337,111.367,122.164,139.997,158.862,180.31400000000002,224.59799999999998,259.27299999999997,332.656,t61
38.0635,36.5982,34.701,40.8796,47.8409,62.5448,71.937,84.6107,109.76100000000001,120.20100000000001,140.07399999999998,160.63299999999998,184.76,240.975,286.438,375.969,t62
39.3573,38.076,36.4555,42.7902,49.5583,64.6476,74.263,88.1234,113.25399999999999,125.26100000000001,144.213,164.558,188.452,240.96900000000002,284.432,369.335,t63
34.6955,33.5732,32.0155,37.4344,42.8404,55.6914,64.0732,75.8311,98.8041,109.493,126.96799999999999,146.871,170.215,221.085,263.861,346.28,t64
35.1814,33.3128,30.8957,36.1729,41.5456,54.1005,62.3675,73.8748,95.4515,105.52,121.965,139.882,161.503,207.63,246.88400000000001,323.45099999999996,t65
39.6531,37.8135,36.0245,41.4391,47.6222,61.211000000000006,69.8723,82.0711,103.678,113.818,129.963,148.161,169.135,214.21200000000002,251.908,327.973,t66
35.8071,34.0903,31.4968,36.9181,43.0287,56.5773,65.1268,77.2376,99.9548,111.176,128.375,148.19899999999998,170.378,220.34599999999998,262.13,342.63,t67
29.9027,29.245,27.3576,32.6147,38.2798,51.3455,59.974,71.9332,96.9546,109.338,128.404,148.72899999999998,173.338,230.234,276.933,364.93699999999995,t68
37.6072,35.6652,33.1995,38.9569,45.0566,58.92100000000001,68.273,80.9941,105.92399999999999,117.209,136.13299999999998,156.613,181.226,236.12,280.33099999999996,365.833,t69
34.4531,32.9835,30.9803,35.8354,41.5214,54.0977,62.2445,73.8045,95.6776,105.65899999999999,122.61200000000001,141.392,161.813,208.863,245.803,319.931,t70
35.6306,33.8775,31.5111,36.332,42.2036,54.8903,63.1572,74.513,96.794,106.071,123.04799999999999,141.895,164.1,213.623,253.52599999999998,332.906,t71
38.2646,36.4105,33.7845,39.0309,44.8429,58.1921,66.8877,79.2421,102.537,113.29,131.045,151.401,175.06599999999997,225.185,266.791,347.166,t72
36.8662,35.4525,32.8706,38.17,44.2305,57.8264,66.5842,78.9508,103.931,115.54,134.946,155.724,181.78799999999998,239.99099999999999,287.894,379.324,t73
35.7148,34.5865,32.4989,37.5941,42.9653,56.3911,65.3617,77.6424,102.21700000000001,113.77799999999999,132.65,153.62,179.863,236.047,283.529,373.147,t74
38.5781,36.6802,34.1841,39.0957,44.1885,56.485,64.3946,75.9655,97.4922,106.87200000000001,122.745,140.33700000000002,161.39,205.84799999999998,242.763,317.377,t75
34.619,33.8688,32.6994,37.4943,42.2551,53.678000000000004,61.0917,71.5206,93.0251,101.56299999999999,118.041,134.61,156.29,203.83599999999998,241.989,319.53,t76
38.7331,37.9704,37.0583,42.3404,47.3227,58.4749,65.9907,76.4979,97.8519,106.824,123.301,140.178,161.438,208.94799999999998,247.739,328.025,t77
44.2138,42.9343,41.2265,47.0733,53.0047,66.4424,75.2087,87.48299999999999,112.82799999999999,123.00299999999999,142.513,162.451,186.435,241.648,285.39099999999996,374.819,t78
41.1606,40.0904,38.1367,43.6618,49.2714,62.8544,72.0093,84.9477,110.594,121.838,140.858,161.442,187.649,245.012,293.33099999999996,387.522,t79
50.5168,49.8097,48.6834,55.2266,62.1981,77.3873,87.2522,101.015,128.207,141.17600000000002,161.582,182.609,210.30200000000002,271.827,323.936,425.537,t80
41.6936,38.4928,34.2023,38.9186,44.7152,58.3125,67.0347,79.4842,101.39,110.98299999999999,127.852,146.218,167.292,212.601,247.74,321.238,t82
59.8582,54.3533,48.3085,52.494,57.5581,73.7073,84.3447,99.206,125.745,136.645,156.49,174.925,198.394,242.523,277.11400000000003,351.898,t83
44.3599,40.9513,36.2471,39.8963,44.6483,57.5231,65.9423,77.9963,99.6656,109.016,125.288,142.461,163.004,207.718,244.435,317.718,t84
45.0013,41.4798,36.6029,41.2995,47.0496,61.9075,71.6176,85.2722,110.02,120.816,140.434,160.785,185.209,235.24200000000002,275.57,353.769,t85
46.6423,42.7969,37.4768,41.0166,45.474,58.0885,66.5533,77.9618,99.4599,108.91,125.35799999999999,143.995,165.303,211.97799999999998,249.585,325.498,t86
33.8976,31.7426,27.9824,31.5217,36.0824,48.5461,57.0965,68.0218,89.4476,99.0447,116.01,133.691,156.904,206.53099999999998,247.649,328.51300000000003,t87
37.9732,35.3872,30.9708,35.2781,40.9799,54.511,63.6171,75.5572,99.0358,108.559,127.619,146.086,170.985,223.53799999999998,265.39099999999996,350.95300000000003,t88
38.6607,35.9096,31.5583,35.2975,40.2807,53.0496,61.6943,73.9674,95.5933,105.899,122.75399999999999,140.842,163.393,208.36599999999999,245.247,319.095,t89
38.1953,35.8896,31.9139,35.7565,40.0624,52.3961,60.4842,71.4708,92.59,101.602,118.405,135.545,157.855,206.37400000000002,246.30900000000003,325.058,t90
36.7979,34.2337,30.5849,34.3035,38.9064,51.06,59.2666,70.6186,92.4857,102.103,118.98700000000001,136.889,159.609,206.435,244.44400000000002,321.403,t91
30.5222,28.621,25.6392,28.8901,32.8694,42.6523,49.0989,57.7996,74.5475,80.6332,93.9964,106.833,123.744,158.888,186.72299999999998,248.168,t93
30.2076,28.5778,25.0485,28.5532,33.1163,44.2866,51.6713,61.3912,81.2064,89.7202,106.25200000000001,122.36399999999999,145.039,192.326,231.757,311.975,t94
46.9451,43.4389,38.7539,42.071999999999996,45.92,58.3074,66.5575,77.5245,98.1815,106.376,122.83200000000001,138.963,159.465,201.935,236.18099999999998,309.64,t95
42.4304,39.8885,35.7436,39.7852,44.4948,57.563,66.32,78.3057,100.454,109.398,126.74700000000001,144.543,166.343,210.611,245.878,318.939,t96
28.9607,27.4013,24.1664,27.2196,30.7203,40.4948,47.0297,55.4445,73.3871,80.5247,95.3592,109.31299999999999,129.115,171.8,207.825,282.337,t97
41.7595,39.0331,34.7473,38.5846,42.7988,55.2888,63.827,75.0673,96.3367,104.891,121.889,138.516,161.235,205.308,241.047,317.004,t98
32.745,30.9417,27.4053,30.6051,34.4964,45.0482,51.8277,60.9994,78.612,85.9504,100.79700000000001,115.531,134.60299999999998,175.94,209.19799999999998,278.72,t99
