,fid,max0,max1,max2,mean0,mean1,mean2,min0,min1,min2,std0,std1,std2
0,t1,227,218,252,52.441162109375,59.872039794921875,140.3377227783203,4,7,9,39.55598502053038,40.31011888212915,38.96435838939317
0,t10,244,202,251,63.952789306640625,67.39321899414062,140.7759552001953,2,4,10,35.11774235042819,30.88275240577872,42.977567871885945
0,t100,255,255,255,36.325439453125,42.34272766113281,120.85638427734375,0,0,62,49.51844721714439,48.2012818405848,26.240458845691116
0,t101,255,255,255,34.40980529785156,44.15003967285156,128.87600708007812,0,0,57,48.627458738182824,47.477445634022175,27.88831628704253
0,t102,255,255,255,31.642242431640625,44.76554870605469,133.4073486328125,0,1,60,46.69172798690514,46.075264542740726,32.11958603914005
0,t103,255,255,255,42.05458068847656,52.281951904296875,131.04432678222656,0,0,62,55.72498143546236,52.71905565864851,32.33367243523495
0,t104,255,255,255,29.618911743164062,38.95222473144531,122.60069274902344,0,0,62,39.33186371826315,38.93019418342858,24.569533575363597
0,t105,255,255,255,30.772247314453125,39.05198669433594,120.12222290039062,0,0,56,46.54345880122172,46.3704736161341,28.81103803046149
0,t106,255,255,255,31.34417724609375,42.975006103515625,126.06423950195312,0,0,54,46.2673443806422,46.95490179991343,31.486623085764254
0,t107,255,255,255,32.49041748046875,38.75852966308594,111.91212463378906,0,0,49,46.30006527695105,46.78548740631969,28.336558089859366
0,t108,255,255,254,33.810821533203125,41.317291259765625,123.32203674316406,0,1,61,46.281815190398994,47.07828385652579,27.844055356194538
0,t109,255,255,255,29.706344604492188,44.524871826171875,126.25987243652344,0,0,55,42.995149844900496,43.97981171150432,30.895957626200513
0,t11,190,245,255,40.13658142089844,51.81944274902344,125.37562561035156,0,0,2,26.709283793368986,31.922778048472683,97.02059971243234
0,t110,255,255,255,26.319503784179688,38.63111877441406,121.12187194824219,0,0,58,38.730142914638726,39.33104163928854,25.735423763099718
0,t111,255,255,252,24.787139892578125,32.73374938964844,115.5062255859375,0,0,55,34.83034149447208,36.94982336786197,25.3286224515826
0,t112,255,255,255,31.421035766601562,41.1243896484375,121.54463195800781,0,0,56,40.91106116368183,42.713118137795234,29.587680524145032
0,t113,255,255,255,27.68145751953125,37.89385986328125,126.49952697753906,0,0,63,38.25182903772192,39.77679263794899,24.827968892501676
0,t114,255,255,255,33.17228698730469,41.24064636230469,125.78067016601562,0,0,57,42.61053735272475,44.86448231927514,28.811940047434696
0,t115,255,255,255,28.907379150390625,41.83531188964844,128.6549072265625,0,0,61,36.11538384382494,40.443996849003526,29.65551663824518
0,t116,255,255,255,28.620162963867188,37.73175048828125,124.42768859863281,0,0,60,38.52177461774062,40.86786632264852,27.89443396726668
0,t117,255,255,255,35.60719299316406,48.34159851074219,125.78373718261719,0,0,61,45.51159469416091,48.03225857994257,29.608496314440153
0,t118,255,255,255,32.713836669921875,47.7330322265625,139.3526611328125,0,3,65,37.259242872020025,40.130645855167444,26.38729883935665
0,t119,255,255,255,30.79351806640625,40.25886535644531,127.72915649414062,0,0,57,39.23155097333777,40.16926226834751,29.07351220711135
0,t12,255,255,254,79.30470275878906,82.16932678222656,139.6370391845703,0,0,64,65.50524979038593,65.43315615580649,38.23771425316652
0,t121,255,255,255,25.554229736328125,35.79054260253906,116.38734436035156,0,0,57,40.30129395246659,40.50116036310353,26.5339219726339
0,t122,255,255,255,42.25032043457031,57.40496826171875,148.26931762695312,5,12,95,43.48506671046769,45.06207065962217,25.358026111657118
0,t123,255,255,255,30.7247314453125,43.083740234375,128.92227172851562,0,0,67,44.40280649667759,45.346899057980906,29.84021372725853
0,t124,255,255,254,30.25604248046875,39.15203857421875,113.20938110351562,0,0,46,47.1582001089086,46.454147716673226,29.59259575499139
0,t125,255,255,255,25.274627685546875,38.2232666015625,117.97833251953125,0,0,56,40.6726844641351,42.27798404876646,34.02658012183811
0,t126,255,255,255,28.487472534179688,39.905792236328125,121.25465393066406,0,0,61,41.526570046422236,43.695446659064544,30.371643905927268
0,t127,255,255,255,27.106887817382812,36.268829345703125,118.47793579101562,0,0,53,40.69270804705068,42.19742934448601,28.75090704643851
0,t128,255,255,255,26.974090576171875,39.63655090332031,118.91740417480469,0,0,53,36.32975760902173,40.1348203257629,32.440143551584875
0,t129,255,255,255,36.862579345703125,46.415283203125,134.82855224609375,0,2,76,46.43920868835818,45.626620605505956,23.899801141091032
0,t13,255,245,244,91.48445129394531,104.42805480957031,146.12310791015625,0,0,0,42.90669100778735,41.42737461914388,32.4881238548862
0,t130,255,255,255,31.27911376953125,40.055908203125,129.7138214111328,0,0,72,38.02895546046216,39.287320446383305,23.58375904737266
0,t131,255,255,255,29.16259765625,39.23796081542969,121.14122009277344,0,0,65,40.990386088684836,45.76553864650149,28.99716541197333
0,t132,255,255,255,28.721038818359375,39.19110107421875,121.13572692871094,0,0,57,37.27684375476739,40.35426325253409,27.912093920275836
0,t134,255,255,255,30.095062255859375,45.742767333984375,135.6028289794922,0,2,62,36.32743567939468,38.72076880151199,26.25280369941243
0,t135,255,255,255,37.47181701660156,53.36476135253906,134.3715362548828,0,1,57,44.55356621919679,45.24704583233203,28.992277094070992
0,t136,255,255,255,36.09893798828125,47.65888977050781,134.25375366210938,0,0,65,45.34327828725027,47.362302258055465,29.4990343036929
0,t137,255,255,255,25.52801513671875,35.153289794921875,116.25270080566406,0,0,63,36.8948802185821,40.33512833347907,31.15815801490708
0,t138,255,255,255,30.594558715820312,41.53083801269531,126.233642578125,0,0,68,40.86173511714876,42.09442925216829,25.39705701729686
0,t139,206,239,255,48.50184631347656,47.38139343261719,170.2425079345703,4,3,44,32.007731880837476,37.5358951071617,25.173951949818836
0,t14,252,250,245,90.21197509765625,101.93893432617188,155.37782287597656,10,16,74,44.474652088289346,42.146663832433795,27.803807160592456
0,t140,209,235,255,44.38525390625,44.11781311035156,164.6650848388672,0,2,20,30.63198389490755,37.06716912486548,23.22727723786514
0,t141,197,215,255,48.37211608886719,44.919677734375,171.70883178710938,2,2,38,26.582316885445522,33.3202056122795,28.53836259796581
0,t142,189,210,255,52.449005126953125,53.31317138671875,179.22842407226562,3,11,37,23.235717184700285,36.97853547716643,29.38920879233232
0,t143,212,240,255,51.940521240234375,47.39341735839844,184.38262939453125,15,8,110,28.69727410634255,39.224232668983944,25.27500755402094
0,t144,191,209,255,45.78790283203125,47.497039794921875,167.5078887939453,3,0,39,35.93301684191925,43.32916131758417,23.520269838683998
0,t145,194,210,249,46.87110900878906,45.97456359863281,174.0618438720703,8,1,20,20.937030755657815,30.849370559260546,24.866258581427505
0,t146,199,228,255,46.87055969238281,45.02490234375,175.05551147460938,6,2,45,32.1077922544331,40.76826813837181,23.775733273548823
0,t147,209,238,255,49.571441650390625,49.176513671875,185.96505737304688,18,11,112,24.607029126221526,33.92327663507712,25.644003166385456
0,t148,210,239,255,45.86643981933594,47.3646240234375,175.5479736328125,15,6,41,19.370961787673533,29.373924448481958,24.88338192628061
0,t149,210,243,255,46.2630615234375,47.76927185058594,175.84872436523438,13,6,105,20.330940705074276,30.395053139709997,24.594668923602594
0,t15,245,241,240,92.02432250976562,110.21136474609375,172.71148681640625,24,45,77,44.26553593208798,39.48634395433003,37.287726181878774
0,t150,211,240,255,51.72395324707031,63.319854736328125,191.7248992919922,19,18,101,26.95059007503074,34.5474525417915,34.82452638704364
0,t151,173,204,255,52.90687561035156,52.71852111816406,181.9255828857422,24,15,106,20.34461728521433,31.903418837652524,27.467651780668877
0,t152,223,249,255,50.61488342285156,48.81639099121094,175.69151306152344,11,3,53,27.974943405437575,37.241630204326945,27.84805167201026
0,t154,199,237,255,49.57566833496094,52.94413757324219,172.8976287841797,13,10,112,27.964706182636878,39.228034510067744,26.969672284569963
0,t155,213,243,255,50.036224365234375,53.6575927734375,170.84637451171875,14,10,59,29.962531534395758,41.35924889556458,27.210968145087087
0,t156,186,215,255,48.91160583496094,50.83436584472656,178.86660766601562,10,7,56,22.441970569425713,32.356989157420735,23.775519506902995
0,t157,204,230,255,51.326751708984375,52.26177978515625,182.24359130859375,8,1,83,25.515121745082443,35.74577144471871,27.102946742232074
0,t159,182,208,255,48.00889587402344,45.92253112792969,180.0912628173828,11,1,60,22.401987796085518,33.19301079650573,24.531099209917116
0,t16,254,255,255,72.7974853515625,80.33763122558594,132.8329315185547,1,10,47,46.90624548243628,46.791355422655776,19.653143760735194
0,t160,218,247,255,47.75628662109375,45.42500305175781,175.3055877685547,11,2,51,25.662837504628012,34.89000647359191,24.328193049990865
0,t161,205,244,255,50.65202331542969,53.667572021484375,182.34487915039062,16,10,108,27.4503089405757,38.140729362035096,27.13796027636325
0,t162,192,221,255,52.563720703125,53.75221252441406,177.04905700683594,8,6,103,28.280115843524495,38.81973256792559,26.511798256693847
0,t163,177,204,255,45.42620849609375,42.451904296875,176.2468719482422,6,1,47,22.243385667137055,32.000447366053486,24.29539373836744
0,t164,205,235,255,48.36030578613281,48.65556335449219,172.31161499023438,15,8,103,26.623846066529687,36.0189866820992,25.07716916703011
0,t165,187,222,255,48.248260498046875,47.807403564453125,174.41439819335938,1,5,31,21.133749979818642,32.44770926874185,24.329197430734713
0,t166,213,244,255,49.9915771484375,50.28175354003906,179.19503784179688,1,8,30,21.9746708627074,33.50707897055433,26.578430145698945
0,t167,212,240,255,50.13581848144531,51.62507629394531,179.4236602783203,0,1,17,28.01840860396065,39.93161053274777,29.69347957676567
0,t168,202,234,255,51.232757568359375,52.46337890625,181.47232055664062,0,4,21,23.61958356370758,36.08920724197855,30.804259471265084
0,t169,178,209,255,46.07826232910156,45.58045959472656,178.61154174804688,12,4,51,23.74770290871226,33.76405228121958,26.117358866678394
0,t17,255,255,255,52.10395812988281,48.29112243652344,97.72381591796875,0,0,0,41.653038636379875,37.53823544611036,40.33100522077844
0,t170,215,245,255,43.50221252441406,47.493316650390625,166.8526611328125,1,0,9,26.64781899727944,35.208779131635055,30.375765390279884
0,t171,167,195,249,40.33219909667969,39.639373779296875,164.44154357910156,2,0,24,20.856916512083014,30.89805501104025,26.974591783562257
0,t172,217,244,255,43.1817626953125,41.312896728515625,178.01602172851562,10,5,69,21.340467197403438,31.655085849500352,24.02618797046477
0,t173,217,244,255,43.1817626953125,41.312896728515625,178.01602172851562,10,5,69,21.340467197403438,31.655085849500352,24.02618797046477
0,t174,193,227,255,47.77879333496094,46.82884216308594,176.71746826171875,4,0,44,25.65668063754406,35.71176965626553,26.996395475840057
0,t175,207,245,255,45.474029541015625,46.3907470703125,168.8519287109375,2,3,37,25.398529958846368,33.569544274699744,29.253762840411536
0,t176,205,243,255,45.67463684082031,46.28587341308594,169.79173278808594,5,1,40,23.388614800085897,33.72347797816009,26.39128018517455
0,t177,174,204,254,44.8826904296875,42.810150146484375,172.05859375,4,5,35,15.218015115979542,27.277048077248217,26.79119068947049
0,t178,167,195,255,49.38005065917969,51.3983154296875,178.77139282226562,5,2,44,20.852771762597424,31.554025097406665,28.095003265435846
0,t179,194,238,255,49.625244140625,51.71360778808594,170.91262817382812,7,0,61,21.374096230869952,31.150129894046895,28.15288106669365
0,t18,255,255,255,46.048797607421875,54.47102355957031,95.45066833496094,1,0,19,44.377663794327184,53.82406452586659,42.610575813090726
0,t180,207,245,255,44.62721252441406,43.6435546875,175.69346618652344,15,6,77,20.432469273590264,31.842961609489397,25.452642122197997
0,t181,157,186,252,46.84431457519531,49.18986511230469,177.98544311523438,17,12,46,16.509169621884908,29.598591298890863,28.229723680607183
0,t182,197,237,255,43.70350646972656,46.83399963378906,174.65631103515625,11,7,89,21.653100897473195,31.306865029964186,27.169350856108426
0,t183,195,228,255,43.04083251953125,46.67625427246094,165.09805297851562,11,9,83,22.101702211918727,30.679465201763293,25.26784010887557
0,t184,185,226,255,45.37602233886719,45.0621337890625,173.30824279785156,13,5,65,21.10095966254059,31.129859634708147,24.317431324791915
0,t185,168,199,255,43.42027282714844,41.34883117675781,178.85980224609375,0,3,8,18.890652231260844,29.048350147261292,25.70350192751654
0,t186,185,225,255,43.54014587402344,42.56938171386719,181.04783630371094,2,8,22,18.188781221737656,27.582978758350958,24.5445528449582
0,t187,212,243,255,39.4141845703125,41.52064514160156,158.27578735351562,3,0,88,26.325885294555732,36.05517039626243,25.369348483133887
0,t188,180,211,255,47.23930358886719,45.38139343261719,177.5033721923828,19,11,47,18.633388192845793,29.468878949243088,25.720132710882886
0,t189,211,246,255,44.5921630859375,46.21147155761719,166.47006225585938,0,2,6,21.634050831493692,31.1099665763386,25.651228497076122
0,t19,255,255,255,42.53167724609375,43.70262145996094,104.26492309570312,3,0,10,46.622955561843256,50.72800444549814,36.43719564063285
0,t191,175,208,255,42.0843505859375,47.722381591796875,176.29403686523438,0,1,10,19.13149722965203,28.061910851135618,27.110174787150523
0,t192,201,240,255,45.72843933105469,48.38499450683594,173.83221435546875,10,4,52,22.970366265270982,31.96660139569469,26.348537683624492
0,t193,202,240,255,45.556793212890625,48.08198547363281,173.8040008544922,10,5,50,22.521020391889596,31.43183195421998,26.353594699730348
0,t194,181,219,255,43.53271484375,46.77735900878906,169.04136657714844,6,1,97,25.924186465522013,35.88582146318606,22.939663521148727
0,t195,180,211,254,47.04789733886719,52.42637634277344,175.97003173828125,11,4,87,18.765185358875016,32.50419161621318,29.746738067118525
0,t196,194,234,255,45.66050720214844,44.384490966796875,175.9675750732422,9,0,36,25.09615834073911,34.38962038084514,27.07779030044344
0,t197,213,249,255,43.003875732421875,45.09187316894531,172.65078735351562,0,2,8,21.847175738797482,31.384799556204474,26.284666562075472
0,t198,190,228,255,48.47352600097656,51.342315673828125,173.66041564941406,0,1,13,22.518183864319468,33.424046854236806,28.251286988851575
0,t199,200,234,255,42.31977844238281,42.9849853515625,170.47157287597656,6,1,52,24.504605044430516,32.654096170745575,25.591716022165585
0,t2,255,241,255,55.83952331542969,54.27156066894531,133.83810424804688,0,1,3,40.10983403628441,37.572398381784566,37.7467448438732
0,t20,255,255,255,56.274505615234375,60.59413146972656,95.6199951171875,0,0,1,56.46165794421718,60.648088450293386,49.216603121332035
0,t200,203,240,255,41.98463439941406,45.21565246582031,170.67294311523438,11,4,101,20.368389729018872,30.56076779656793,26.332821893822615
0,t201,167,198,255,52.00401306152344,55.89091491699219,183.1625518798828,11,9,53,22.623893902818793,33.59216955556083,29.676045625083045
0,t202,205,241,255,41.93833923339844,43.39140319824219,167.93992614746094,12,5,60,19.132351459983653,30.322702132164544,25.743072019030045
0,t203,209,248,255,45.47181701660156,47.709716796875,175.0700225830078,10,8,103,20.832259392659275,30.221170518813757,25.67622240534552
0,t204,205,238,255,44.25816345214844,44.7548828125,176.84548950195312,3,6,19,23.780185231915276,30.387663144325295,25.27877510371645
0,t205,200,234,255,41.28211975097656,44.41014099121094,168.9917755126953,7,1,102,23.974542113552605,32.28442457492359,26.662668026995526
0,t206,185,221,255,40.69801330566406,43.21101379394531,167.41183471679688,0,2,8,20.24286681628167,28.751575430850973,24.736247418626252
0,t207,217,255,255,46.39292907714844,52.05909729003906,169.62088012695312,7,1,58,25.14952983176596,33.561759412882985,34.7273649170059
0,t208,192,236,255,39.77247619628906,40.62727355957031,160.89100646972656,0,0,14,20.424461715333596,30.46086346531172,29.92777878563985
0,t209,207,243,255,42.52815246582031,41.84809875488281,167.8310546875,7,0,103,22.338111879717534,30.554423525627374,25.079977491177036
0,t21,242,235,248,32.4986572265625,45.13623046875,127.73548889160156,0,0,61,49.02643072937488,53.44905841370939,40.03938561225112
0,t210,182,219,255,41.905670166015625,44.16741943359375,170.70932006835938,0,1,13,21.818916965031782,31.514961945814655,24.369015487332938
0,t211,207,249,255,44.585357666015625,48.89752197265625,167.56240844726562,0,3,10,24.40718356502169,31.854518101035907,30.75125162928724
0,t212,198,232,255,44.33660888671875,46.01744079589844,172.74981689453125,10,5,77,24.497599708519736,34.87452682451301,26.50530376917344
0,t213,191,228,255,40.916046142578125,41.84161376953125,169.47601318359375,15,7,83,18.090295475001806,29.624995351780456,26.221594067360204
0,t214,212,247,255,46.759521484375,49.0511474609375,166.7602996826172,8,3,64,28.242329069761485,36.55716243627667,28.338196278923743
0,t215,219,242,255,48.07086181640625,50.762420654296875,174.5215606689453,2,11,11,22.275567584691597,31.757760822525654,29.680565476795085
0,t216,218,253,255,42.55055236816406,43.45335388183594,168.8505401611328,0,5,19,20.410262230587687,27.138578302740125,27.641314779298135
0,t217,199,231,255,42.8262939453125,45.98066711425781,166.616455078125,0,1,7,25.23167934103226,30.013491459250286,36.50944861091416
0,t218,220,251,255,42.77452087402344,44.493011474609375,173.37757873535156,0,5,11,26.581256330249197,33.996294784441865,31.920170347240514
0,t219,179,218,255,50.20893859863281,49.6956787109375,192.2364959716797,14,10,106,19.880739548345524,26.537120405248054,24.15800836404552
0,t22,229,238,249,50.67230224609375,71.80508422851562,155.7875213623047,0,4,65,62.13622532374224,63.42011193564639,43.28535881243109
0,t220,207,241,255,48.55116271972656,49.01829528808594,195.42344665527344,10,9,50,22.660471876101667,32.50878812409165,28.772358284564252
0,t221,200,237,255,55.07270812988281,55.039825439453125,195.16195678710938,15,3,103,24.14799788356552,33.60754396480769,32.94013795441878
0,t222,210,239,255,48.396453857421875,47.09033203125,188.85186767578125,0,4,11,25.07016257206396,33.377682978054445,26.933722050148912
0,t223,207,248,255,48.995147705078125,47.93373107910156,179.53236389160156,0,1,3,26.064965427644374,33.41351203891697,39.921884050150695
0,t224,192,226,255,49.21617126464844,50.40727233886719,189.23892211914062,14,10,103,22.553399531093866,31.902310148197706,29.424605658769845
0,t225,203,240,255,50.96405029296875,52.46495056152344,191.6195831298828,17,9,106,20.820343025339017,32.19123904335211,32.32378677652521
0,t226,204,244,255,51.05775451660156,55.67817687988281,192.8657989501953,19,15,103,25.673365774517748,35.2846633551656,33.28331371558058
0,t227,181,217,255,47.09124755859375,46.826873779296875,203.20201110839844,18,10,102,18.675863500688045,26.594682856126617,23.20742100872782
0,t228,153,186,255,56.79591369628906,63.08195495605469,188.73431396484375,22,19,105,21.268031952468558,31.80025819396064,33.179541227942536
0,t229,206,245,255,49.21315002441406,55.572540283203125,190.4710235595703,12,11,104,24.648274534954584,31.093959823680994,29.066303350168646
0,t23,237,232,249,40.0211181640625,52.79200744628906,149.37696838378906,0,0,62,55.15019370361798,57.4840954690552,42.126073987013115
0,t230,200,233,255,52.30537414550781,57.08946228027344,186.5342254638672,17,10,102,22.8452286719062,31.98539030419265,34.27810501119685
0,t231,207,243,255,51.847015380859375,66.0203857421875,192.67222595214844,15,23,96,23.973769851075197,31.04185976332679,39.33402429978323
0,t232,146,172,255,54.088714599609375,53.6968994140625,200.6241912841797,21,14,98,18.59686087639912,29.746730903068492,35.33214919461425
0,t233,210,245,255,49.15708923339844,50.9561767578125,185.34359741210938,13,5,98,26.893370063423774,34.81604843593492,26.96049572946588
0,t234,176,206,255,62.52464294433594,73.14080810546875,199.22244262695312,31,30,104,12.534681016065514,22.976450473232777,35.17321579158585
0,t235,195,228,255,58.16938781738281,57.81224060058594,190.43568420410156,17,9,109,24.929928235063336,34.07684228510253,28.622065606825878
0,t236,217,248,255,51.8118896484375,52.81971740722656,185.23681640625,15,3,66,25.399019938983265,35.73027784869229,28.411042328518253
0,t237,144,171,255,51.00749206542969,48.84828186035156,192.02609252929688,14,4,104,17.666574916604368,29.015563068553455,28.41728639155404
0,t238,201,243,255,52.82666015625,52.948486328125,187.328125,21,14,54,23.94506106470223,34.86071005264829,29.95414077079171
0,t239,195,226,255,53.171142578125,51.95732116699219,186.84059143066406,0,3,7,24.38020980007529,27.980990258500764,35.02182191046791
0,t24,233,232,248,47.59974670410156,61.993255615234375,151.26260375976562,0,0,62,62.979105794378135,63.10779384099968,42.25642961672054
0,t240,197,234,255,53.47154235839844,55.03089904785156,193.29913330078125,17,13,49,22.836963461099025,30.631635528903768,27.44459634225757
0,t241,172,198,255,55.26788330078125,61.24598693847656,190.3224639892578,23,20,103,17.254806530368395,27.257302926258024,31.59967410933936
0,t242,172,211,255,49.76860046386719,48.593505859375,187.31552124023438,19,12,53,20.910919106362627,30.046622858958397,24.525884431310047
0,t243,188,225,255,50.4822998046875,45.94427490234375,192.60623168945312,16,3,111,21.071053134785295,30.91389776280682,25.26396002232818
0,t244,190,231,255,52.21122741699219,57.38726806640625,181.60557556152344,13,8,29,23.22258265168721,34.04112205809378,29.719243289019033
0,t245,194,229,255,49.6209716796875,55.3624267578125,180.43551635742188,2,9,17,23.190929868321387,35.769488301198784,33.47810251438028
0,t246,209,248,255,48.70216369628906,50.42474365234375,193.54595947265625,20,14,107,21.204695046100188,30.957185487513385,29.664129773961083
0,t247,135,165,255,46.239227294921875,47.778076171875,190.1317138671875,10,1,110,18.593376356240462,28.62793176017596,24.312163298844684
0,t248,184,229,255,46.801971435546875,50.54278564453125,183.9810791015625,12,5,72,21.925817781128583,32.25210257580887,28.220940026236654
0,t249,208,246,255,48.860015869140625,47.11872863769531,184.79148864746094,12,3,54,20.550857275680087,30.551778691600788,28.131513919162373
0,t25,226,235,243,69.53352355957031,86.60206604003906,148.52392578125,0,2,53,79.32023924082513,77.97938414613557,49.753913838063326
0,t250,199,236,255,52.46672058105469,52.65141296386719,188.08392333984375,17,12,54,23.698626533205523,32.29467932021656,26.93410742735288
0,t251,202,220,255,49.38053894042969,48.55625915527344,184.12599182128906,1,6,14,19.31686983588227,31.966704349341818,32.758493195310116
0,t252,157,181,255,55.316253662109375,52.28102111816406,185.4146728515625,17,7,52,21.192546169873456,31.375482303895254,25.99817734729216
0,t253,215,231,255,52.38652038574219,53.75028991699219,189.35960388183594,12,16,45,22.456412605394263,32.47153728827297,30.73072029799367
0,t254,171,198,255,53.59553527832031,57.52598571777344,194.45132446289062,11,18,64,18.601902859728725,30.339952067227966,28.73434439280414
0,t255,199,233,255,53.865142822265625,52.14891052246094,190.43292236328125,15,10,106,23.432276804793368,31.846253069512482,27.25296455893943
0,t256,199,245,255,91.39202880859375,109.30259704589844,142.15428161621094,0,8,63,39.5062502000419,41.3259392509608,25.34498574245877
0,t257,197,241,255,51.25022888183594,55.84600830078125,191.16920471191406,17,13,57,23.53993873107468,30.494749502987087,28.27743593954853
0,t258,218,248,255,52.311492919921875,56.017120361328125,181.0877227783203,0,8,10,27.88287794617387,36.66063943786084,26.642693365496566
0,t259,208,241,255,47.408843994140625,44.76542663574219,182.99703979492188,7,10,34,22.536962178062247,31.95820675696558,25.775868704991332
0,t26,241,250,255,52.82585144042969,64.18531799316406,131.33168029785156,0,1,29,72.4654411760041,72.35606232052328,46.145084838552044
0,t260,206,242,255,50.99214172363281,49.13038635253906,193.25074768066406,12,6,102,23.810533001732534,29.454973636607644,25.384576942945518
0,t261,195,238,255,54.1292724609375,54.12617492675781,192.53173828125,1,7,16,26.03646254099088,35.1043739787732,29.762352690959002
0,t262,206,244,255,49.14459228515625,54.209259033203125,179.23536682128906,10,9,102,23.393656206079903,31.18335428064433,29.669606672503054
0,t263,188,222,255,54.15589904785156,56.197784423828125,187.85357666015625,0,7,16,23.6611214034317,31.759739697419796,29.28678496080296
0,t264,252,255,255,26.760543823242188,28.399368286132812,90.69862365722656,1,0,55,39.99863073183918,43.08803547947876,26.709472334966133
0,t265,253,255,255,25.3597412109375,26.563003540039062,87.18998718261719,0,0,59,41.20311661963582,45.81931642179511,27.70836573935093
0,t266,254,255,255,31.427581787109375,33.03273010253906,92.33248901367188,1,0,59,42.01077392140603,45.38378498275023,28.05697096546524
0,t267,251,255,255,27.05755615234375,28.33697509765625,96.50613403320312,0,0,53,37.91303841322825,41.66980689211479,24.159887369069764
0,t268,252,254,255,26.52606201171875,28.4090576171875,85.82771301269531,1,0,51,36.35012427938884,39.512314430947214,24.453143628820012
0,t269,255,255,255,30.686508178710938,31.289596557617188,97.92765808105469,2,0,71,42.4817128608287,47.051614340339675,26.369789809939633
0,t27,248,245,255,57.78334045410156,77.41940307617188,176.53395080566406,0,6,42,75.04552356309432,68.56965340193328,40.44594224481994
0,t270,255,255,255,43.9320068359375,46.11073303222656,103.95329284667969,1,0,62,54.730664748337155,60.37917923583132,33.98513963521169
0,t271,252,255,255,40.452392578125,44.50244140625,97.10072326660156,2,0,64,53.049502803452725,58.448849949727716,35.33925202734044
0,t272,255,255,255,23.56378173828125,27.385299682617188,91.65611267089844,1,1,62,32.7060525483604,37.055513502011266,20.64487043361386
0,t273,253,255,255,26.38250732421875,28.963333129882812,89.22857666015625,0,0,56,40.80589744475569,44.259318240588506,27.479810460318703
0,t274,249,255,255,22.235092163085938,25.394134521484375,91.24003601074219,0,1,60,30.83775868086128,34.27146283803848,18.9176041712927
0,t275,250,255,255,28.208465576171875,32.02685546875,95.96546936035156,0,0,50,40.55787986332432,45.22594857799991,26.24795985176834
0,t276,248,254,255,22.572525024414062,24.126846313476562,85.63105773925781,0,0,58,35.17297373247373,39.64298540996762,22.447166411903044
0,t277,249,255,254,22.077056884765625,24.767791748046875,89.35324096679688,0,0,39,31.451263718372335,34.95968054977302,20.321448025967804
0,t278,247,253,254,18.987884521484375,22.105300903320312,73.4666748046875,0,0,41,31.143487029674827,34.127863014143486,21.96850523907282
0,t279,243,250,254,22.7403564453125,25.157638549804688,84.42378234863281,0,0,57,32.61715426300548,36.969067079350246,21.56744073151728
0,t28,236,234,249,42.13157653808594,54.160308837890625,134.83970642089844,0,0,60,66.14548276619813,66.36083784959267,41.00477853532676
0,t280,251,253,255,24.808609008789062,28.6260986328125,86.05108642578125,0,0,53,37.87234263807442,42.24935604185239,26.094432111993036
0,t281,251,254,254,24.9510498046875,28.04278564453125,81.47952270507812,0,0,50,39.38746527479155,41.18241719519403,26.699872980128614
0,t282,247,253,254,21.29229736328125,24.720245361328125,75.2784423828125,0,0,48,30.810694086838534,34.695146032847,20.88425007013174
0,t283,251,254,255,21.859420776367188,24.493804931640625,75.77577209472656,0,0,48,33.921752613155085,37.844197451035015,23.324274674836918
0,t284,243,254,255,24.56378173828125,26.93609619140625,79.1060791015625,0,0,42,35.31355765154514,39.497443465706546,24.198623989514992
0,t285,254,254,255,18.83746337890625,22.29425048828125,69.49153137207031,0,0,44,31.510593790910825,33.50638113563439,22.663846147086893
0,t286,216,233,236,15.512130737304688,18.6475830078125,70.59576416015625,0,0,47,20.989463108556322,23.68566294034798,13.751155726537073
0,t287,249,253,255,20.053466796875,22.98406982421875,73.67941284179688,0,0,45,33.404312497790905,36.52354348432494,22.704284500177735
0,t289,249,254,254,23.537216186523438,27.46575927734375,73.26275634765625,0,0,43,33.834689936946205,36.96286150383148,23.595466791227228
0,t29,224,233,242,39.812042236328125,51.25323486328125,125.86640930175781,0,1,59,62.20661127903112,64.10354574388225,37.00875243997071
0,t290,239,252,254,16.427078247070312,18.91058349609375,72.22734069824219,0,1,50,26.180376856896494,28.840741866456543,18.006004116652726
0,t291,243,253,254,19.320159912109375,21.836196899414062,75.51383972167969,1,1,29,28.298487928110166,32.30539613739543,19.264584036789927
0,t292,237,249,252,19.134567260742188,21.243377685546875,73.29615783691406,0,0,36,29.94207620421366,32.59626764706314,22.16779318231114
0,t293,235,247,249,19.68341064453125,21.614517211914062,70.77072143554688,0,0,35,32.996309803266314,33.859652723935596,23.726180123113235
0,t294,246,255,255,16.632522583007812,19.008056640625,70.77011108398438,0,0,44,21.937515664420886,24.43957721316226,15.62284872572849
0,t295,255,255,255,31.724533081054688,36.61529541015625,78.15155029296875,0,0,10,45.676722474459496,49.51919165558242,34.07375969703833
0,t296,250,254,255,18.420486450195312,20.571914672851562,75.482666015625,0,0,34,26.077463121799923,28.238628716107247,18.812240571866152
0,t297,235,246,247,18.709503173828125,21.166900634765625,70.31890869140625,0,0,37,23.13793040148375,25.931865457988938,17.173385010396046
0,t298,250,254,255,17.215988159179688,20.446090698242188,62.30210876464844,0,0,37,28.272987853374932,30.06329320253713,21.04413636823218
0,t299,236,247,251,14.914199829101562,16.926101684570312,69.48179626464844,0,0,39,15.930818981873244,18.678954394096852,11.645316983134943
0,t3,255,253,255,61.05937194824219,58.022705078125,150.5648651123047,8,5,5,47.8035952159704,40.14948801112661,39.75382358388549
0,t30,230,232,239,44.128021240234375,54.73931884765625,138.02719116210938,0,1,58,62.811171411753946,65.85461255337825,37.453769424943026
0,t300,249,255,255,19.091705322265625,22.25146484375,67.80427551269531,0,0,40,31.80914153436712,34.743245487217976,23.586953970649663
0,t301,230,243,245,15.277435302734375,18.279327392578125,62.0745849609375,0,0,39,24.581168629379682,27.30239971436272,18.349006974674374
0,t302,253,253,254,19.514114379882812,24.49810791015625,59.64619445800781,0,0,20,30.491926517796518,32.449138519508914,22.30786197818764
0,t303,250,252,254,19.41204833984375,21.567413330078125,68.77073669433594,1,0,33,28.287763905460974,31.2499419354704,20.99980901679702
0,t304,254,255,255,14.941665649414062,18.647705078125,55.173828125,0,0,38,25.663261018859167,27.85447209744036,19.96060181576227
0,t305,253,254,255,24.8382568359375,30.164016723632812,64.83102416992188,0,0,33,38.914278069048216,42.43972453097858,31.125698283785127
0,t306,249,255,255,24.462661743164062,28.21661376953125,67.19453430175781,0,0,39,41.006932604451904,44.068417320514314,31.852653510781494
0,t307,250,254,254,19.9517822265625,22.748001098632812,61.077301025390625,0,0,34,40.560487319425704,41.81439345892619,32.24688478384247
0,t308,247,253,255,26.394561767578125,31.762481689453125,62.77081298828125,0,0,37,40.72341658871527,43.18392621104957,32.09512486288299
0,t309,250,254,254,22.25201416015625,27.469879150390625,63.187652587890625,0,0,40,32.865146969813715,36.39386661992474,24.98786700468365
0,t31,251,232,237,74.64291381835938,84.67196655273438,154.21603393554688,0,0,68,70.44567915339243,69.18698370096469,37.62462798615429
0,t310,252,255,255,22.713943481445312,28.035659790039062,64.27142333984375,0,0,37,35.76386558668361,38.16842862672599,27.25282536735229
0,t311,255,255,255,26.818145751953125,33.1890869140625,75.35209655761719,0,1,48,37.178810586412766,40.71253168410391,26.604905940061954
0,t312,247,255,254,17.186965942382812,22.149688720703125,69.08529663085938,0,3,43,27.202419943675103,28.432376221541887,19.163871880992424
0,t313,252,255,255,27.756484985351562,32.60981750488281,82.05888366699219,1,0,49,42.83135432944511,46.3226084345017,30.595218740662027
0,t314,253,255,255,18.277923583984375,20.833877563476562,68.25663757324219,0,0,39,34.558449566784404,36.358627656575294,25.346570137729103
0,t315,248,253,254,26.409988403320312,33.725006103515625,75.57223510742188,0,2,36,37.96502140208669,40.18455085149258,28.276603133594435
0,t316,253,255,255,29.79876708984375,35.88761901855469,84.19558715820312,1,1,54,39.85303930859322,44.10353795157554,27.149034661768173
0,t317,252,254,255,22.420257568359375,28.39508056640625,58.6392822265625,0,0,29,40.27249659160415,42.54890062392955,31.82520108259635
0,t318,255,254,255,28.313034057617188,35.34257507324219,72.93215942382812,0,1,39,38.20081694888947,41.31213468257368,28.582287869986672
0,t319,250,255,255,31.178253173828125,37.08586120605469,80.97840881347656,2,1,44,41.57725258885284,45.57477568252503,29.815350333103645
0,t32,255,255,255,44.88291931152344,51.20860290527344,133.49020385742188,0,0,68,61.16900568979527,62.867618946875915,43.40358910392085
0,t320,251,255,255,18.513397216796875,22.255462646484375,77.77496337890625,0,1,48,25.116832179775457,27.950943355130608,17.781909536418024
0,t321,253,255,255,28.470962524414062,34.670654296875,80.28688049316406,0,1,48,38.8824527853917,41.97086693529705,26.904899496951117
0,t322,251,254,255,28.774398803710938,34.3289794921875,71.55690002441406,0,0,31,40.71883009721639,43.8393331817655,30.596422666942207
0,t323,252,255,255,34.673980712890625,41.1005859375,81.90931701660156,3,1,46,43.72044276954944,47.088213164151966,32.29420743110686
0,t324,251,255,255,33.93544006347656,40.813385009765625,80.49699401855469,2,2,47,40.813685513002184,44.718148720535204,29.74702795434225
0,t325,248,254,254,24.1043701171875,29.742919921875,77.16390991210938,2,1,47,31.360050389677173,34.94127124826399,22.507285495732607
0,t326,253,255,255,26.771438598632812,32.98588562011719,79.73284912109375,2,2,53,37.037224963558415,41.21186757396096,26.274970894290067
0,t327,255,255,255,31.003082275390625,37.162200927734375,77.96897888183594,0,1,45,45.90740227899459,49.272685880878086,33.98597471407026
0,t328,255,255,255,34.32421875,40.98095703125,81.79557800292969,0,1,49,48.465563474445524,51.62805318001357,35.234307086293256
0,t329,255,255,255,29.595413208007812,35.32215881347656,90.71673583984375,1,2,55,45.48141122935267,48.20393968064262,30.883862783170624
0,t33,255,237,250,50.91802978515625,66.03775024414062,155.7770538330078,0,4,82,66.31418959451467,64.21251307507839,40.061041515741444
0,t330,251,254,255,23.187545776367188,26.965560913085938,74.10079956054688,0,1,20,35.3644149363973,37.62819422771894,24.827810370987898
0,t331,253,254,255,28.654312133789062,34.67124938964844,73.21762084960938,0,0,43,39.639114021037194,42.64955520453398,29.23950275385627
0,t332,254,255,255,33.62321472167969,38.99169921875,77.54519653320312,0,0,45,49.20672829392468,52.73042888655393,37.19189593894283
0,t333,238,251,252,20.976272583007812,23.48529052734375,72.90841674804688,0,0,45,30.48608183527213,33.244109314873015,21.429393538545057
0,t334,253,255,255,36.49650573730469,40.39823913574219,86.16728210449219,0,1,51,50.35184996763451,54.49830657803039,35.41899281424921
0,t335,250,255,255,25.143356323242188,26.248641967773438,83.17918395996094,1,0,56,35.5478116650596,39.065049795518675,23.391995814417694
0,t336,252,253,254,19.333145141601562,21.48895263671875,78.6153564453125,0,0,52,26.322734356949724,30.178688422284992,16.835487915107883
0,t337,250,254,254,23.022125244140625,25.051834106445312,74.21138000488281,0,0,46,35.90865561152474,38.39122454975239,25.6851240492274
0,t338,246,252,255,21.661300659179688,24.801651000976562,78.072265625,0,0,41,33.10518111294932,35.422629848785625,23.69906768574629
0,t339,254,254,255,18.565933227539062,20.69891357421875,71.59864807128906,0,0,45,27.828805762253907,31.09383366102676,20.548966980085787
0,t34,255,255,255,54.103973388671875,61.20814514160156,134.2340850830078,0,0,68,65.99234398165177,67.60435000673719,41.19165646052607
0,t340,255,254,255,22.726593017578125,24.383956909179688,79.30931091308594,0,0,55,33.25401960899112,36.99855564335495,21.86997743626538
0,t341,251,253,254,20.213134765625,22.331939697265625,76.01936340332031,0,0,45,30.2192334636449,33.18751769762176,20.74682093811252
0,t342,245,255,255,24.9619140625,27.361968994140625,89.23109436035156,0,0,62,35.04033994185361,39.248042038893274,22.34711959537717
0,t343,248,255,255,21.202163696289062,24.538909912109375,73.30227661132812,0,0,43,35.620167086944114,39.051222352442586,24.92678178954209
0,t344,250,255,255,26.398361206054688,28.936569213867188,80.67025756835938,1,1,45,36.53213068836442,39.96144445361742,26.189177543730864
0,t345,251,255,255,26.241622924804688,30.1405029296875,83.25270080566406,1,0,56,37.44908304779969,41.12093330827434,24.705801915425898
0,t346,249,255,255,21.714553833007812,24.966049194335938,83.03730773925781,1,1,36,28.439645447956554,31.820670097641123,19.295245923208224
0,t347,242,253,255,17.418045043945312,20.5755615234375,72.34747314453125,0,1,40,20.043727306378017,23.03742120037739,13.996625952299905
0,t348,243,252,253,27.1026611328125,28.909561157226562,85.07101440429688,0,0,38,39.680432229283326,42.20802180426364,25.99121928466614
0,t349,250,253,255,24.637451171875,28.723388671875,79.90324401855469,0,0,50,34.44615368455127,36.79811519063591,23.848469628814758
0,t35,255,239,253,48.93304443359375,56.448272705078125,133.6516571044922,0,0,71,65.22215292960237,66.08602646819764,41.40990562430761
0,t350,253,255,255,21.458038330078125,25.431320190429688,83.64627075195312,1,1,55,30.785455030184675,33.24797863595208,21.117274154324935
0,t351,248,252,254,18.444976806640625,20.866943359375,69.51934814453125,0,0,45,29.032496584796828,31.0304715298048,20.30950303407496
0,t352,255,255,255,33.247589111328125,40.18486022949219,87.20356750488281,0,0,55,48.353722694949525,51.42117490560762,33.32584243154151
0,t353,252,255,255,35.46217346191406,43.141754150390625,75.52815246582031,0,0,31,43.12706350999119,46.82768398137661,32.960669935765104
0,t354,246,255,255,21.88299560546875,24.9947509765625,77.10186767578125,1,2,44,30.285731578857103,34.06302998134859,20.9245973578456
0,t355,251,255,255,19.388809204101562,23.342056274414062,85.89540100097656,0,1,42,27.658191953986222,30.483286076948453,17.76128704436294
0,t356,249,255,255,31.62921142578125,38.79411315917969,80.29409790039062,0,0,36,42.66954953743665,47.32236247405003,31.0286702033627
0,t357,249,254,255,28.418121337890625,35.855316162109375,74.37969970703125,0,1,36,32.7383883650396,36.571591774050994,23.075986497645374
0,t358,247,254,255,21.708480834960938,25.50628662109375,69.50895690917969,0,0,18,35.32761782446717,38.984154521293824,25.91727690247189
0,t359,252,254,255,31.287277221679688,37.885589599609375,69.30874633789062,0,0,35,42.932779409766944,45.83304952558765,33.623744065119396
0,t36,255,255,255,57.02946472167969,68.25822448730469,144.13967895507812,0,2,64,68.42015201158343,69.5776840944506,41.879652511416666
0,t360,255,254,255,23.023910522460938,27.351593017578125,71.99388122558594,0,0,42,33.71953412174465,35.519670778778384,23.376729334990813
0,t361,251,255,255,28.794662475585938,33.454071044921875,76.65400695800781,1,1,36,39.633702575409586,43.08993524522096,28.864094474374824
0,t362,251,255,255,31.674667358398438,38.181243896484375,75.45880126953125,1,1,36,40.02964763217505,43.03071618241406,29.276175698907117
0,t363,249,254,254,21.455322265625,24.064865112304688,71.43974304199219,0,0,38,33.8467312210392,35.660947473663036,23.186810356729396
0,t364,252,255,255,33.156463623046875,39.70069885253906,78.86656188964844,2,1,37,38.03189507584975,41.90438790081157,27.434021215934965
0,t365,247,253,254,21.920364379882812,25.316299438476562,72.63046264648438,0,0,44,37.110276177729325,39.69601256458291,27.367843331883083
0,t366,254,255,255,20.942230224609375,23.512405395507812,74.4720458984375,0,0,47,32.911286211042565,34.952635168711126,22.974023093983632
0,t367,251,254,254,22.055801391601562,23.318511962890625,85.76567077636719,1,0,50,26.252994892372815,29.54285160391959,15.966428061543503
0,t368,252,255,255,31.19085693359375,37.74549865722656,72.62905883789062,0,0,39,40.91876635586632,43.608617496546266,31.109034702244056
0,t369,248,253,254,19.027267456054688,22.752838134765625,72.79782104492188,0,0,46,28.956109942370183,31.569693465947026,20.62923619228678
0,t37,255,255,255,65.393310546875,73.62821960449219,144.35438537597656,0,0,32,72.07279086475297,70.25335800134714,41.86015405553527
0,t370,254,253,254,21.933868408203125,24.341827392578125,77.12832641601562,0,0,47,32.78438327198906,36.040418692378765,21.817674878779105
0,t371,243,255,255,18.365890502929688,20.904571533203125,82.90834045410156,2,1,32,20.914778698612523,23.03423819021215,14.432122832435194
0,t372,252,255,255,30.756317138671875,36.7694091796875,80.36149597167969,0,0,47,42.83623750021486,45.80083460676587,30.845491041815198
0,t373,253,254,254,35.19990539550781,42.28007507324219,80.33735656738281,1,2,45,41.066951523546756,44.873471582598185,30.70610185146683
0,t374,253,255,255,34.272796630859375,40.96112060546875,79.00035095214844,1,1,42,42.50245407053248,45.87577348275152,31.14669374506551
0,t375,249,254,255,27.913330078125,33.999298095703125,74.05558776855469,0,1,28,36.015288542957066,39.27473204420431,25.498782407453938
0,t376,248,254,255,29.430007934570312,33.7469482421875,76.91007995605469,0,0,43,45.60981409076319,49.6453498052772,34.09380932347545
0,t377,253,254,255,25.552871704101562,30.977996826171875,75.82861328125,1,1,49,34.079294257836416,38.63844638509293,24.888237421404487
0,t378,221,232,236,17.068923950195312,19.791046142578125,69.58621215820312,0,0,37,24.400205964803487,26.906833148339437,17.30896396320135
0,t379,247,254,255,23.43548583984375,25.57745361328125,87.18190002441406,1,1,51,33.33196904524101,36.39463812887195,21.927520854031123
0,t38,255,255,255,52.8162841796875,59.48692321777344,133.9875030517578,0,0,20,66.70777386815297,67.31002327510103,42.41916909191357
0,t380,235,246,249,18.042190551757812,20.392715454101562,77.61601257324219,0,0,45,22.550322260319394,25.707039762417683,14.865270150892703
0,t381,252,255,254,18.353775024414062,20.17242431640625,78.78071594238281,0,1,48,27.94668973480523,30.458102507879616,19.198029221800304
0,t382,253,254,255,19.34375,21.872512817382812,76.66476440429688,0,0,46,28.42021764082663,31.189908005605773,19.646987891497638
0,t383,242,253,251,18.486465454101562,21.767898559570312,78.46284484863281,0,0,55,24.286352849614723,27.194023806734325,16.48668597138144
0,t384,251,254,255,31.479385375976562,37.44390869140625,85.37030029296875,2,1,48,39.83158824607983,44.44927312788288,28.779708652702404
0,t385,254,254,255,24.888504028320312,31.059494018554688,74.08763122558594,0,0,47,32.34920845276387,36.67668656038425,23.692229586203418
0,t386,250,255,255,28.973098754882812,34.26921081542969,81.95751953125,0,0,42,40.96028177915166,43.75057500207787,28.573840333697433
0,t387,250,253,255,28.865325927734375,33.61311340332031,89.51275634765625,1,2,51,36.50864451563313,40.809970559376886,24.47515460601802
0,t388,251,254,255,31.357620239257812,37.841278076171875,89.28926086425781,1,2,53,39.44036254252936,44.062144172181576,27.10792713898512
0,t389,254,254,255,19.09918212890625,21.85845947265625,79.77345275878906,0,0,36,29.818201012733386,32.354171844779785,20.85239724595625
0,t39,255,237,250,54.25819396972656,59.726409912109375,136.31985473632812,0,0,28,66.03999135422703,67.07035305602253,42.9854884310127
0,t390,255,254,255,28.404739379882812,33.73957824707031,82.23619079589844,0,0,51,42.17184230702462,45.876513444337206,30.149273855766463
0,t391,254,254,255,28.859100341796875,34.90647888183594,84.24980163574219,0,0,54,40.16110495725785,43.82977899916776,27.769078611837262
0,t392,253,255,255,38.917449951171875,44.29273986816406,94.67509460449219,1,1,47,46.69664104466908,51.28274677674958,31.098393671535355
0,t4,255,247,255,54.968536376953125,52.741912841796875,138.44627380371094,7,3,6,38.6608035607675,35.4967991019968,37.88729141868894
0,t40,242,224,253,54.14271545410156,60.6866455078125,146.3486328125,0,1,68,63.622891695939614,63.35439143954519,42.414718771814655
0,t400,208,248,255,35.7930908203125,52.55097961425781,133.71389770507812,0,7,29,32.79699789858395,37.94673151048625,27.294005416180326
0,t401,217,254,255,48.281219482421875,69.94998168945312,127.53376770019531,0,7,32,40.898020966445884,47.56306945058517,35.216696574956885
0,t402,222,253,255,41.59332275390625,58.374664306640625,123.4881591796875,0,5,55,33.831246977679896,40.013396593275694,31.5277546057211
0,t403,205,248,255,58.261932373046875,90.44422912597656,117.09446716308594,0,17,60,35.81054845558446,35.924168756424685,36.99129531201053
0,t404,220,201,254,64.71218872070312,90.16899108886719,123.59992980957031,0,3,65,43.89812802012651,48.65639103117776,33.909045364607636
0,t405,153,182,251,50.50993347167969,82.98475646972656,96.49626159667969,6,30,48,22.096822965395525,20.72895638345282,26.95994905803497
0,t406,214,246,255,34.167694091796875,46.66435241699219,128.68482971191406,0,4,24,28.9439089155338,34.665030852653956,26.727220524803922
0,t407,183,220,255,54.93614196777344,80.02145385742188,124.77442932128906,1,10,64,32.32431097846905,35.30703813796552,36.726863795333465
0,t408,224,242,255,44.968841552734375,68.31620788574219,117.46495056152344,1,7,62,28.4289699964555,32.83423020781203,35.34484084307651
0,t409,228,242,255,46.06353759765625,69.62368774414062,118.48579406738281,1,9,59,30.06980389906744,34.32576138560257,36.0090059616991
0,t41,254,255,255,53.19512939453125,71.00125122070312,179.07662963867188,0,13,6,30.226269879493625,28.873849529753883,52.7085954299235
0,t410,240,253,255,33.0489501953125,43.37359619140625,127.45277404785156,1,1,7,26.04455650339351,31.18727221715141,24.397229145399187
0,t411,223,250,255,51.771636962890625,82.00553894042969,100.58293151855469,0,12,46,26.500872995294614,24.7387716048398,30.009213181641382
0,t412,232,255,255,36.774169921875,49.82545471191406,124.78407287597656,1,6,34,30.31977041989066,36.35986188815099,27.343690126962336
0,t413,228,248,255,44.238250732421875,61.6500244140625,117.108642578125,0,2,60,35.38276074000719,42.27530629358232,29.798633596557057
0,t414,220,248,255,56.517303466796875,88.39900207519531,124.25444030761719,0,13,65,32.882992168881295,32.3866910690728,37.50236324907541
0,t415,233,255,255,44.30226135253906,72.339599609375,99.40216064453125,0,8,57,24.579850066876176,25.599828013525975,32.38565009762314
0,t416,225,253,255,45.963531494140625,67.65463256835938,110.28955078125,0,2,59,32.2945624531781,38.42592181310386,30.475250078979293
0,t418,214,250,255,39.54667663574219,54.83197021484375,126.36238098144531,0,6,36,33.71394133492322,40.26498904626198,30.41846431702499
0,t419,202,239,255,54.01005554199219,79.78152465820312,120.01904296875,0,10,61,33.90105320318956,36.267942814498454,37.24641559623805
0,t42,254,255,255,53.1844482421875,61.2579345703125,181.5537872314453,1,14,10,27.989802108247293,29.18326719226705,50.99004168056815
0,t420,223,254,255,59.77665710449219,87.633544921875,117.75009155273438,0,4,59,38.053925234318626,40.31041230037355,35.55182636348946
0,t421,231,249,255,49.78190612792969,74.19184875488281,121.53594970703125,0,9,61,37.283691691436175,42.04560209005004,34.9203372193776
0,t422,219,252,255,42.21113586425781,58.983306884765625,126.89158630371094,0,7,59,38.827465473414655,45.61288730108483,32.6174805190543
0,t423,228,255,255,43.71746826171875,62.27458190917969,131.47105407714844,0,9,35,37.09101861832577,42.17770609307925,31.415217326366648
0,t424,223,251,255,42.269287109375,60.13623046875,119.88876342773438,0,2,28,35.558359155611264,43.34268536735044,28.92596748478519
0,t425,222,252,255,50.988250732421875,73.3021240234375,127.10707092285156,2,17,34,33.774624569145736,36.44065232304107,30.001593403356615
0,t426,217,255,255,57.16896057128906,63.84562683105469,161.34796142578125,6,10,118,35.62841996750647,40.105103539767256,18.09740418747075
0,t427,213,253,255,50.59553527832031,58.33927917480469,154.0003662109375,1,5,109,37.61884282394848,43.24503525083134,19.689203481924004
0,t428,175,193,242,94.36422729492188,111.07447814941406,155.6625213623047,5,12,77,46.16038779058982,51.395413981905726,20.520751492966614
0,t429,212,255,255,46.18055725097656,56.20428466796875,155.13613891601562,1,7,103,37.008119767724025,41.05245947154817,21.939758834344964
0,t43,254,255,255,63.53407287597656,77.65689086914062,195.00157165527344,7,12,7,27.743983237538654,27.552345214299176,49.180710876918006
0,t430,195,229,255,43.32847595214844,62.20127868652344,149.46417236328125,1,23,106,30.43565357366401,31.174683147333518,23.1246350651859
0,t431,203,237,255,72.70051574707031,84.78350830078125,150.58663940429688,1,5,88,45.351054284702194,52.16560672649172,22.829943720551416
0,t432,200,255,255,42.3267822265625,62.01033020019531,144.86019897460938,0,18,79,32.63469768386737,35.73927455822371,23.452928236796595
0,t433,175,208,255,45.475616455078125,59.63775634765625,142.3639678955078,1,15,90,35.451022688926535,37.92492212591925,22.46809100548175
0,t434,204,240,255,39.62519836425781,51.87605285644531,150.0471649169922,0,6,104,37.297974843419695,40.80847880531025,23.867769023334986
0,t435,185,236,255,111.78492736816406,133.6925506591797,156.3731689453125,5,33,94,31.495880717736515,26.99973444016353,20.152155508710198
0,t436,215,255,255,41.94587707519531,48.50494384765625,146.27932739257812,0,4,93,37.03387983187008,41.55506541790658,23.413095573268176
0,t437,199,238,255,78.64369201660156,88.98941040039062,154.61764526367188,0,3,83,54.016161563241795,60.86470068698152,24.415164648565142
0,t438,213,252,255,43.35188293457031,55.19401550292969,151.61941528320312,1,9,95,37.38187005482559,40.64346749960994,23.723689378847546
0,t439,211,251,255,43.211578369140625,53.90580749511719,150.50381469726562,1,9,91,36.40233814450221,39.397593876843786,21.98958585519178
0,t44,255,255,255,60.122650146484375,67.27598571777344,182.86770629882812,17,25,19,30.452991251761272,33.067092027720214,49.492132469263694
0,t440,208,249,255,51.03456115722656,63.33213806152344,141.68179321289062,0,5,68,40.446161106174294,45.247514241401824,22.291359893150307
0,t441,207,246,255,40.30265808105469,49.636444091796875,145.74794006347656,0,6,75,37.088181813608664,40.70648414584184,23.385072619687293
0,t442,207,246,255,50.66581726074219,62.583282470703125,139.08734130859375,0,4,68,40.36400614032986,45.431009735345334,26.823158705330734
0,t444,207,249,255,49.38127136230469,61.3876953125,141.72201538085938,0,4,69,40.1579785491884,44.83688894280328,22.181729854689944
0,t445,210,248,255,37.91218566894531,49.0582275390625,139.2486114501953,0,6,63,33.46455298651989,36.796006202362776,25.533406944692615
0,t446,208,249,255,38.776611328125,48.530059814453125,138.365478515625,0,4,68,34.23670904071795,38.103796450315635,26.208741542055932
0,t447,218,249,255,57.742156982421875,71.026123046875,143.71055603027344,1,10,76,44.94752171571349,48.02570152065731,21.833837715362176
0,t448,219,250,255,81.41290283203125,95.05506896972656,143.32858276367188,0,3,65,44.437103544308,50.11402285898351,21.504558097369053
0,t449,222,253,255,77.114501953125,93.58465576171875,140.759033203125,0,3,60,43.568663462786986,46.74354163124662,25.678935429603108
0,t45,255,255,255,59.307708740234375,69.0167236328125,180.1163330078125,7,17,3,37.37679360374306,37.63366227836742,55.53555933072265
0,t450,216,254,255,60.16120910644531,72.71945190429688,138.20523071289062,0,7,68,42.543661121133184,47.317807558579496,23.409932239834166
0,t451,204,240,255,60.01934814453125,68.88182067871094,135.0906982421875,0,2,64,42.192648967207624,48.867571831827696,24.063902940042173
0,t452,209,248,255,72.41685485839844,88.57391357421875,139.8692626953125,1,10,62,42.39109994977524,45.64794678643005,27.146657946052503
0,t453,165,210,255,51.7750244140625,67.80728149414062,135.9481964111328,0,7,68,41.35856351913823,44.33952043019684,25.865502462416956
0,t454,218,250,255,72.63954162597656,87.8826904296875,138.84715270996094,0,4,55,42.83202250267638,47.50705901431199,24.56012430634732
0,t455,207,246,255,78.76161193847656,97.68283081054688,133.6911163330078,0,9,21,40.184988778269705,41.77964987521432,31.744948162260425
0,t456,199,244,255,99.55133056640625,118.43852233886719,143.19349670410156,2,11,62,32.51642588494553,33.50373758139475,24.997094944828593
0,t457,199,238,255,51.796234130859375,63.775390625,138.6783447265625,0,8,67,39.96374640943959,44.56765023922014,25.750284287992116
0,t458,210,248,255,95.11955261230469,112.01344299316406,142.65040588378906,2,7,62,36.016679143602936,39.642742655347185,25.030486004722754
0,t459,227,250,255,66.70260620117188,79.3170166015625,141.4667205810547,0,7,68,44.208145915960515,48.754167061844626,25.191981192555218
0,t46,255,255,255,49.064544677734375,68.37326049804688,187.8104705810547,4,9,0,30.89044198068263,30.411509559065703,58.913606249565525
0,t460,220,254,255,94.14527893066406,113.07783508300781,143.24131774902344,4,14,64,36.07610326004966,38.01450712720945,26.02851083834378
0,t461,201,235,255,99.73936462402344,117.56587219238281,142.77420043945312,2,7,65,32.78067678518451,34.81852357860848,24.82483083987439
0,t462,216,249,255,96.42691040039062,115.64741516113281,138.75851440429688,2,7,65,32.790328702920704,34.40580159038456,23.157135692618912
0,t463,205,242,255,72.94160461425781,89.15727233886719,140.2284698486328,0,12,64,43.935522090120465,45.73559376745877,26.097944238886694
0,t464,204,246,255,60.32746887207031,77.32986450195312,148.91461181640625,1,19,94,44.28933970413043,45.42568249173631,24.803695282727833
0,t465,211,249,255,43.285308837890625,57.59808349609375,149.7240753173828,0,10,99,36.58317084269875,38.52217187308109,22.388243592135844
0,t466,216,254,255,44.157318115234375,56.25152587890625,144.65365600585938,0,9,71,37.193546410167805,40.196101305620346,25.740310381822642
0,t467,213,255,255,41.502166748046875,52.216217041015625,141.74234008789062,0,8,69,34.997985714813154,38.884448939541365,25.639763621320533
0,t468,220,255,255,52.602874755859375,65.52571105957031,149.77780151367188,1,12,92,40.37283072173388,43.039280302997746,24.94609005111889
0,t469,249,255,255,58.10514831542969,68.47793579101562,138.12039184570312,0,3,68,43.963920092293485,49.669881914704426,23.78805869070106
0,t47,254,255,255,63.38787841796875,71.99900817871094,198.74758911132812,0,9,1,41.336938253228595,30.481257683027813,54.91159840887441
0,t470,210,252,255,45.46934509277344,54.42973327636719,156.3251953125,2,8,114,34.42614235667161,39.172841894349936,21.06713578460373
0,t471,214,250,255,41.62837219238281,50.043060302734375,145.5604248046875,0,6,101,30.39769559577416,34.65981935110097,22.121857920762803
0,t472,216,255,255,39.40412902832031,50.65992736816406,157.0500030517578,0,7,111,33.31691476912818,35.87339727058208,20.561202503765912
0,t473,215,251,255,40.105133056640625,51.7576904296875,151.15863037109375,0,8,101,37.843766860666285,39.747020705565085,22.635307831441494
0,t474,218,255,255,84.84284973144531,103.69674682617188,152.6309356689453,0,8,97,43.90952023474228,46.06264495146444,19.82689076859548
0,t475,213,254,255,39.19384765625,51.470245361328125,147.72142028808594,0,9,95,32.500466530459136,35.76651280726074,22.165704719945296
0,t476,213,251,255,40.210296630859375,48.30458068847656,146.520751953125,0,6,88,34.21909908404843,37.40588843044901,24.253177325292175
0,t477,207,241,255,41.22251892089844,49.02101135253906,147.1390838623047,0,5,95,34.9823001262329,38.90218471234208,22.780665009647667
0,t478,207,251,255,47.82763671875,61.13737487792969,144.5015411376953,1,11,92,36.94609865322993,38.939141588506416,23.815953552629136
0,t479,217,253,255,79.5047607421875,92.37623596191406,142.37620544433594,0,3,81,48.847116699503005,55.808678391716676,24.439775102011357
0,t48,252,255,255,54.7940673828125,64.78851318359375,186.8470001220703,1,5,2,35.311520989738476,34.74309988171665,53.57503785577117
0,t480,253,253,255,38.273651123046875,49.54833984375,148.4124298095703,0,7,72,28.80548694602507,31.342173843841035,20.35591193126815
0,t481,209,254,255,43.935211181640625,54.11073303222656,141.9212188720703,0,8,86,37.976172939099875,40.80154125264243,24.351946684563586
0,t482,219,254,255,49.49407958984375,61.04634094238281,144.42117309570312,0,5,75,42.456487250776014,46.49123837569328,22.792433108869353
0,t483,213,250,255,47.68711853027344,56.174407958984375,144.1378631591797,1,6,88,42.420353723130034,46.575690330517205,26.025468942294452
0,t484,213,248,255,49.27067565917969,58.04966735839844,144.20445251464844,0,7,90,42.024316103766466,46.449022686904286,25.171435373533637
0,t485,215,254,255,90.47029113769531,106.9461669921875,147.43072509765625,1,7,79,39.028413283259304,43.8355678418009,20.845552057633654
0,t486,221,255,255,58.28472900390625,66.05413818359375,148.97802734375,0,4,76,46.33810741631109,51.99886084815989,21.761007521590564
0,t487,215,252,255,47.91162109375,61.51969909667969,146.43385314941406,0,10,83,42.89053928109586,45.02702987449469,24.165313797912482
0,t488,218,255,255,48.58189392089844,64.85629272460938,153.15316772460938,1,14,48,42.259658066291315,43.4615319939146,21.945638772487644
0,t489,216,254,255,72.03791809082031,85.54055786132812,151.14468383789062,0,5,51,50.997841998582,55.29444833066604,20.382876172168242
0,t49,254,255,255,50.89930725097656,67.92359924316406,186.21165466308594,0,7,4,31.927547575688195,34.09307563293214,50.740549064520614
0,t490,222,254,255,59.1632080078125,69.19129943847656,142.28712463378906,0,3,35,47.50469438780348,53.67103783334031,22.032185740242003
0,t491,212,252,255,56.283355712890625,68.91523742675781,145.57308959960938,0,7,80,44.17979976299764,48.056611396605376,23.332631240721803
0,t492,221,250,255,80.18572998046875,94.71737670898438,147.59129333496094,0,3,88,43.44186819289887,49.125069771272656,22.280165137282307
0,t493,220,253,255,91.64027404785156,109.69638061523438,147.26002502441406,1,11,78,40.090488023093215,42.82932824303533,20.920365946309325
0,t494,213,248,255,98.31500244140625,117.59400939941406,145.50003051757812,3,13,63,32.98666785056931,35.572823806671266,21.729948074250327
0,t495,173,193,254,112.96275329589844,131.5593719482422,147.1098175048828,13,22,75,20.49420980448336,21.554307696932128,17.352950404685
0,t496,217,254,255,98.37669372558594,116.14476013183594,149.92047119140625,1,5,86,37.71161191527401,42.23188197527048,21.812836301415587
0,t497,207,247,255,95.91778564453125,112.46900939941406,149.58901977539062,1,9,69,39.60561246095276,41.87727829078214,21.898538764952704
0,t498,205,240,255,97.3370361328125,115.67813110351562,146.13104248046875,3,12,66,35.53487596802819,37.034446249501634,24.809388274793967
0,t499,225,255,255,111.50535583496094,129.74420166015625,148.4217071533203,9,19,68,24.37482037447021,25.53873203694804,20.807594717210964
0,t5,255,245,255,48.828857421875,46.08062744140625,134.39442443847656,5,4,7,33.444338994871615,34.58223134150671,36.70148977695162
0,t50,251,254,255,55.077301025390625,59.795654296875,188.8978271484375,3,8,4,32.35578268991889,34.2477945110159,52.489186050663214
0,t500,197,239,255,91.37956237792969,108.30915832519531,145.76268005371094,0,8,63,39.66484370111494,42.571445710188755,25.740627312733743
0,t501,201,241,255,95.62442016601562,113.28900146484375,144.52999877929688,0,8,65,36.5179824381195,38.527170143125,25.899917184822474
0,t502,183,222,255,108.43370056152344,127.04222106933594,145.84608459472656,8,17,62,25.748083522236204,26.872540929892825,21.372595027902683
0,t503,204,247,255,93.37200927734375,110.76083374023438,145.70758056640625,1,7,67,38.96065207204341,41.57737437008205,27.027967894239556
0,t504,202,245,255,97.60270690917969,115.97434997558594,144.1125946044922,4,14,52,35.13203868563246,36.15209111589306,25.304776793778856
0,t505,220,249,255,100.66598510742188,119.73951721191406,143.024658203125,4,18,64,32.47956473627357,32.71225253225025,25.003501998477383
0,t506,152,183,253,108.03370666503906,126.68132019042969,142.63821411132812,16,29,64,23.704892191011748,24.42392531161227,22.42531484141043
0,t507,202,236,255,101.72164916992188,119.80314636230469,143.29965209960938,1,8,67,32.247083505251936,34.0882843456043,24.491158094915342
0,t508,211,236,255,89.37910461425781,107.67808532714844,133.34622192382812,0,7,21,39.1435666905915,40.06440500688495,35.44854579779386
0,t509,223,240,255,98.52883911132812,114.72897338867188,136.5099639892578,1,7,25,44.603729648753536,43.72146565732203,37.56841405302002
0,t51,253,255,255,51.936553955078125,60.71266174316406,180.92112731933594,3,16,15,27.726058995142424,28.867755230929166,38.88030465432763
0,t510,191,233,255,68.341064453125,82.38624572753906,145.0518035888672,0,7,66,45.51074134340931,49.56551148346843,26.498712221003853
0,t511,205,238,255,71.06413269042969,84.85421752929688,144.89552307128906,0,3,63,45.93109268039898,50.72902380406914,27.351714701198922
0,t512,212,247,255,69.37568664550781,85.11122131347656,144.71665954589844,0,12,49,43.76869111390767,46.71294485839918,29.67756660786423
0,t513,174,212,255,112.56036376953125,130.81739807128906,149.96485900878906,8,21,72,24.00862195622257,24.826406523234894,18.61199868937444
0,t514,199,239,255,97.04570007324219,113.21528625488281,152.44662475585938,2,9,92,38.93174720813478,42.419713473331164,21.199233970980174
0,t515,211,248,255,65.65861511230469,77.60971069335938,149.1902618408203,0,4,86,47.24227683849309,51.912499855989765,24.45901942769875
0,t52,218,249,255,50.619110107421875,64.49949645996094,185.8214874267578,0,3,1,31.72794476549144,32.76952356307816,40.760135926497426
0,t53,226,238,255,51.13496398925781,63.88581848144531,208.78553771972656,0,4,4,43.217503901616666,41.02723135258764,38.73185664208515
0,t54,234,241,255,54.71409606933594,78.39628601074219,207.93368530273438,0,3,1,45.451678096406354,42.77391678099328,32.47170770211193
0,t55,206,235,255,47.640594482421875,63.95892333984375,194.40296936035156,0,3,5,33.03389653597825,34.174282925750475,42.026135438658706
0,t56,252,254,255,50.00541687011719,65.69450378417969,204.17922973632812,0,5,9,35.65419861989404,36.38646958370956,47.983350531359186
0,t57,209,228,255,46.8660888671875,59.479644775390625,197.760498046875,0,9,15,29.63902415510846,29.902511084538116,33.33262127423697
0,t58,239,253,255,46.786529541015625,61.88023376464844,212.67190551757812,0,7,25,46.49889668593896,46.21260810240013,27.424710866661464
0,t59,219,254,255,51.21722412109375,63.64129638671875,187.61798095703125,0,6,4,40.84783716112472,44.33846970939507,32.23244211781887
0,t6,255,252,255,61.29377746582031,61.16656494140625,145.2085723876953,4,4,12,52.23805953156968,41.37132662268259,40.1375207158385
0,t60,213,247,255,59.67570495605469,79.97463989257812,197.3224639892578,0,3,2,39.911453040738884,43.23986906815245,37.07500677611893
0,t61,248,232,255,38.10560607910156,49.57502746582031,146.59579467773438,0,1,59,52.29729545709381,54.17238723375574,20.51852123717928
0,t62,255,255,255,42.19541931152344,60.686767578125,161.24691772460938,0,8,58,64.65527582140307,59.68090348815756,21.830196296826486
0,t63,227,234,254,42.081451416015625,59.07281494140625,149.4505157470703,0,8,52,51.74276007716594,52.653046738026546,20.215819920032448
0,t64,238,234,255,39.639495849609375,55.49566650390625,147.31056213378906,0,7,59,53.20237883920351,53.850895884548365,21.826156452347387
0,t65,250,245,255,32.14323425292969,46.57044982910156,155.29302978515625,0,1,5,51.55975674225837,52.861507739040384,24.13142037806685
0,t66,255,255,255,30.575042724609375,41.37983703613281,137.98439025878906,2,4,59,28.41621180669582,31.170938983014576,29.910918928633993
0,t67,255,255,255,34.32124328613281,54.209228515625,157.9222412109375,0,5,64,39.735780845928836,40.579125063371166,38.40742832122988
0,t68,255,255,255,42.81275939941406,69.26748657226562,161.34555053710938,0,8,45,45.18070801918357,43.27570244519509,44.42590861811443
0,t69,255,251,251,35.35162353515625,49.03117370605469,146.39828491210938,0,6,60,29.50465826652938,32.12900795769391,35.61588124438777
0,t7,255,249,255,56.358917236328125,73.95010375976562,143.5797882080078,0,1,8,46.91943784722797,42.59444620514996,44.940363177042094
0,t70,255,255,255,28.279617309570312,43.503814697265625,131.53477478027344,0,1,59,27.674674690299426,33.36284494319908,37.848198046963304
0,t71,255,255,255,40.16331481933594,52.75103759765625,145.90798950195312,1,2,63,41.590476266654704,43.4619338753928,28.27587493613923
0,t72,255,255,255,34.94599914550781,47.43476867675781,142.6602325439453,2,4,59,37.372011381039556,38.78415422749407,27.791656679669366
0,t73,255,255,255,34.63984680175781,47.579193115234375,149.74960327148438,0,3,65,35.48177381346884,37.43596399947035,32.638306455827646
0,t74,255,255,255,29.757186889648438,42.520782470703125,144.23654174804688,0,5,61,31.33682642829603,33.69753718996375,29.385960682075076
0,t75,255,255,255,33.65678405761719,44.4375,141.65301513671875,0,2,61,35.69114247856592,36.79321778866508,26.786431878909923
0,t76,255,255,255,45.45304870605469,56.68031311035156,137.50827026367188,6,10,66,35.936833708766606,37.87176867306802,34.76137691688041
0,t77,255,255,255,38.55894470214844,50.363037109375,128.21641540527344,1,6,62,39.61860529020714,39.29103822153299,32.59703100534727
0,t78,255,255,255,46.38362121582031,59.40480041503906,153.52114868164062,3,7,68,42.511893796697855,45.69716742183116,29.994239429008218
0,t79,255,255,251,32.9552001953125,43.46678161621094,141.24147033691406,0,3,64,37.222394192906364,38.50705479645999,23.83186949699705
0,t8,255,242,255,55.14971923828125,60.045013427734375,131.3003692626953,7,5,16,37.19465098221451,34.727541731304946,41.54659334781803
0,t80,255,255,255,36.42695617675781,51.55120849609375,142.8700714111328,0,3,61,38.0068948090688,40.82345460101364,29.400387616895614
0,t82,255,255,255,54.05706787109375,62.05674743652344,148.7131805419922,0,3,67,68.20534595178461,63.161078020222945,34.646101522211346
0,t83,255,255,255,40.60728454589844,52.24345397949219,165.42330932617188,0,1,81,60.1807478124237,55.55965024995364,30.427330258273013
0,t84,255,255,255,39.88499450683594,54.934051513671875,163.8745574951172,0,3,65,60.70467192109735,54.25341574757826,28.414840554085494
0,t85,255,255,253,40.702789306640625,54.4178466796875,164.9130859375,0,3,61,60.45435937478025,54.14655446518368,29.673131015221852
0,t86,255,255,251,34.955841064453125,48.42808532714844,163.6223907470703,0,2,83,54.388051847602284,48.97042718249534,28.97258865389432
0,t87,255,255,254,29.569931030273438,42.60517883300781,157.63522338867188,0,4,78,50.474742881734194,47.646537977191116,24.942681377181437
0,t88,255,255,254,39.47703552246094,50.977874755859375,146.11013793945312,0,5,45,45.3555599952893,43.01829138320364,26.606072667505625
0,t89,255,255,254,45.45707702636719,61.73182678222656,167.3814239501953,0,4,67,58.33735377408265,52.4578001690823,28.240878510012532
0,t9,255,254,255,63.09681701660156,61.7303466796875,156.19540405273438,0,0,12,44.82347148342761,40.15587850298646,41.26822988359114
0,t90,255,255,255,39.51628112792969,52.164031982421875,148.93077087402344,0,0,34,45.79698838706825,43.98004090550347,26.809948326626046
0,t91,255,255,253,40.74273681640625,50.58697509765625,141.22955322265625,0,0,46,49.04991169846306,47.953117401640455,26.183264954309603
0,t93,255,255,255,48.73408508300781,56.92144775390625,143.9108428955078,0,0,81,54.79423775843067,54.25526643327637,29.458885910566497
0,t94,255,255,255,39.25086975097656,51.33921813964844,151.37319946289062,2,6,87,45.275578716490884,43.82388707813059,23.23580278886291
0,t95,255,255,255,35.11335754394531,42.62870788574219,123.15959167480469,0,0,58,49.2000430823046,48.860209825603725,28.209610639391038
0,t96,255,255,255,35.712127685546875,46.374908447265625,126.07388305664062,0,0,62,45.79262587321845,47.71091231428348,29.111930896833144
0,t97,255,255,255,33.691192626953125,38.627777099609375,118.09962463378906,0,0,63,47.9998217192175,47.02085381271258,26.012673018625826
0,t98,255,255,255,33.924774169921875,41.112518310546875,122.98931884765625,0,0,52,44.53893764793802,43.60016933897854,26.53257980646477
0,t99,255,255,255,39.12794494628906,46.00665283203125,126.94744873046875,0,0,57,53.709443470929116,51.68701512608484,29.367537442794116
